"fecha","Ozono"
2012-07-27,22.8
2012-07-28,38.9
2012-07-29,51.5
2012-07-30,53.7
2012-07-31,29.2
2012-08-01,55.7
2012-08-02,63.1
2012-08-03,40.3
2012-08-04,81.2
2012-08-05,36.3
2012-08-06,69.9
2012-08-07,43
2012-08-08,48.2
2012-08-09,80.2
2012-08-10,38.8
2012-08-11,76.8
2012-08-12,55.1
2012-08-13,32.9
2012-08-14,26.3
2012-08-15,49.6
2012-08-16,41.4
2012-08-17,62.5
2012-08-18,57.5
2012-08-19,55.9
2012-08-20,53.4
2012-08-21,62.5
2012-08-22,57.9
2012-08-23,50.2
2012-08-24,53
2012-08-25,95.1
2012-08-26,52.7
2012-08-27,44.5
2012-08-28,58.3
2012-08-29,48
2012-08-30,45.7
2012-08-31,56.7
2012-09-01,46
2012-09-02,52.8
2012-09-03,58.4
2012-09-04,49.3
2012-09-05,79.7
2012-09-06,62.6
2012-09-07,70.6
2012-09-08,56.8
2012-09-09,37.2
2012-09-10,56
2012-09-11,55.2
2012-09-12,62
2012-09-13,62.4
2012-09-14,64.6
2012-09-15,53.3
2012-09-16,55.4
2012-09-17,48.9
2012-09-18,61.3
2012-09-19,91
2012-09-20,79
2012-09-21,99
2012-09-22,93
2012-09-23,63
2012-09-24,45.1
2012-09-25,67
2012-09-26,53
2012-09-27,104
2012-09-28,71
2012-09-29,67
2012-09-30,53
2012-10-01,53.7
2012-10-02,68.7
2012-10-03,59.7
2012-10-04,85
2012-10-05,88
2012-10-06,69
2012-10-07,50.2
2012-10-08,73
2012-10-09,70.9
2012-10-10,61.5
2012-10-11,87.3
2012-10-12,97
2012-10-13,88
2012-10-14,74
2012-10-15,77
2012-10-16,34
2012-10-17,63
2012-10-18,29.5
2012-10-19,59
2012-10-20,72
2012-10-21,48
2012-10-22,40
2012-10-23,30
2012-10-24,28
2012-10-25,64
2012-10-26,51
2012-10-27,46.2
2012-10-28,54.7
2012-10-29,63.7
2012-10-30,68.7
2012-10-31,54
2012-11-01,68.8
2012-11-02,51
2012-11-03,70.8
2012-11-04,59.1
2012-11-05,57.9
2012-11-06,67.4
2012-11-07,58
2012-11-08,51.6
2012-11-09,57
2012-11-10,63.4
2012-11-11,51
2012-11-12,36
2012-11-13,65.8
2012-11-14,61
2012-11-15,69
2012-11-16,82.4
2012-11-17,45
2012-11-18,47
2012-11-19,78.2
2012-11-20,82.1
2012-11-21,60
2012-11-22,54
2012-11-23,79
2012-11-24,72
2012-11-25,72.3
2012-11-26,71
2012-11-27,71.7
2012-11-28,76
2012-11-29,50.9
2012-11-30,34
2012-12-01,29
2012-12-02,58
2012-12-03,62
2012-12-04,77
2012-12-05,64
2012-12-06,83.4
2012-12-07,99.2
2012-12-08,47.6
2012-12-09,50.8
2012-12-10,48.6
2012-12-11,57.4
2012-12-12,55.5
2012-12-13,64.3
2012-12-14,46
2012-12-15,91
2012-12-16,66.5
2012-12-17,57
2012-12-18,77.6
2012-12-19,77.3
2012-12-20,78.2
2012-12-21,85
2012-12-22,73.6
2012-12-23,55
2012-12-24,76
2012-12-25,56.6
2012-12-26,49.2
2012-12-27,52.5
2012-12-28,52.1
2012-12-29,62.8
2012-12-30,50.2
2012-12-31,48.7
2013-01-01,42
2013-01-02,54
2013-01-03,47
2013-01-04,46
2013-01-05,47
2013-01-06,42
2013-01-07,40.1
2013-01-08,41.4
2013-01-09,43
2013-01-10,54
2013-01-11,73
2013-01-12,88
2013-01-13,64
2013-01-14,66.4
2013-01-15,87
2013-01-16,59
2013-01-17,69
2013-01-18,71
2013-01-19,85
2013-01-20,47
2013-01-21,78
2013-01-22,84.7
2013-01-23,65
2013-01-24,68
2013-01-25,55
2013-01-26,73
2013-01-27,66
2013-01-28,59
2013-01-29,79
2013-01-30,78
2013-01-31,64
2013-02-01,55
2013-02-02,42.7
2013-02-03,89.1
2013-02-04,88
2013-02-05,63.6
2013-02-06,83
2013-02-07,99
2013-02-08,77
2013-02-09,85.3
2013-02-10,70
2013-02-11,78
2013-02-12,67
2013-02-13,87
2013-02-14,49
2013-02-15,52
2013-02-16,79
2013-02-17,49
2013-02-18,69
2013-02-19,65
2013-02-20,56
2013-02-21,70
2013-02-22,77
2013-02-23,70
2013-02-24,77
2013-02-25,80
2013-02-26,81.5
2013-02-27,90
2013-02-28,69
2013-03-01,67.7
2013-03-02,65
2013-03-03,54
2013-03-04,63
2013-03-05,65
2013-03-06,72
2013-03-07,60
2013-03-08,68
2013-03-09,70
2013-03-10,56
2013-03-11,73
2013-03-12,90
2013-03-13,86.5
2013-03-14,62.6
2013-03-15,77
2013-03-16,76
2013-03-17,65
2013-03-18,74
2013-03-19,58
2013-03-20,117.8
2013-03-21,53
2013-03-22,85
2013-03-23,74
2013-03-24,82.5
2013-03-25,68
2013-03-26,71
2013-03-27,72
2013-03-28,78
2013-03-29,60
2013-03-30,69
2013-03-31,57
2013-04-01,55
2013-04-02,93
2013-04-03,81
2013-04-04,71
2013-04-05,96.4
2013-04-06,93.1
2013-04-07,60
2013-04-08,64
2013-04-09,84
2013-04-10,67
2013-04-11,107
2013-04-12,82
2013-04-13,79
2013-04-14,75.1
2013-04-15,66
2013-04-16,81
2013-04-17,84
2013-04-18,70.3
2013-04-19,57
2013-04-20,89.8
2013-04-21,70.5
2013-04-22,86.5
2013-04-23,91.1
2013-04-24,83
2013-04-25,64
2013-04-26,118
2013-04-27,71.1
2013-04-28,88.5
2013-04-29,56
2013-04-30,87
2013-05-01,73.4
2013-05-02,53.2
2013-05-03,96
2013-05-04,92
2013-05-05,67
2013-05-06,70
2013-05-07,66
2013-05-08,40
2013-05-09,66
2013-05-10,50
2013-05-11,54
2013-05-12,58
2013-05-13,59
2013-05-14,51
2013-05-15,58.1
2013-05-16,91.2
2013-05-17,56
2013-05-18,62
2013-05-19,53
2013-05-20,50
2013-05-21,60.3
2013-05-22,65
2013-05-23,57.5
2013-05-24,85
2013-05-25,61
2013-05-26,66
2013-05-27,71.3
2013-05-28,43
2013-05-29,54
2013-05-30,66
2013-05-31,54.1
2013-06-01,70
2013-06-02,65.1
2013-06-03,55
2013-06-04,45
2013-06-05,54
2013-06-06,49
2013-06-07,54
2013-06-08,43
2013-06-09,37
2013-06-10,53
2013-06-11,48
2013-06-12,79.2
2013-06-13,87.9
2013-06-14,56.2
2013-06-15,56
2013-06-16,54.3
2013-06-17,65
2013-06-18,77
2013-06-19,63
2013-06-20,36
2013-06-21,43
2013-06-22,46
2013-06-23,57
2013-06-24,74.7
2013-06-25,65
2013-06-26,70.2
2013-06-27,72.3
2013-06-28,61.5
2013-06-29,65
2013-06-30,49
2013-07-01,52
2013-07-02,61
2013-07-03,39
2013-07-04,70
2013-07-05,52
2013-07-06,67
2013-07-07,58
2013-07-08,56
2013-07-09,58
2013-07-10,45
2013-07-11,43.3
2013-07-12,52
2013-07-13,63
2013-07-14,56
2013-07-15,49
2013-07-16,54
2013-07-17,42
2013-07-18,48
2013-07-19,69
2013-07-20,51
2013-07-21,48
2013-07-22,54
2013-07-23,57
2013-07-24,57
2013-07-25,61
2013-07-26,47
2013-07-27,72
2013-07-28,46
2013-07-29,49
2013-07-30,59
2013-07-31,58
2013-08-01,80.9
2013-08-02,56
2013-08-03,69
2013-08-04,47
2013-08-05,46
2013-08-06,61
2013-08-07,49
2013-08-08,61.9
2013-08-09,74
2013-08-10,82
2013-08-11,60.7
2013-08-12,64
2013-08-13,59.9
2013-08-14,63
2013-08-15,58
2013-08-16,68.8
2013-08-17,56
2013-08-18,53
2013-08-19,43
2013-08-20,71
2013-08-21,84
2013-08-22,51
2013-08-23,61
2013-08-24,59
2013-08-25,56
2013-08-26,61
2013-08-27,68
2013-08-28,54
2013-08-29,79
2013-08-30,58
2013-08-31,61
2013-09-01,61
2013-09-02,66
2013-09-03,71.7
2013-09-04,67
2013-09-05,75.9
2013-09-06,61
2013-09-07,64
2013-09-08,55.5
2013-09-09,64
2013-09-10,62.2
2013-09-11,70
2013-09-12,62.7
2013-09-13,53.2
2013-09-14,58
2013-09-15,50
2013-09-16,54
2013-09-17,67
2013-09-18,62.6
2013-09-19,50
2013-09-20,61.5
2013-09-21,80
2013-09-22,59.7
2013-09-23,47.8
2013-09-24,95
2013-09-25,75.9
2013-09-26,83.5
2013-09-27,75.1
2013-09-28,96.2
2013-09-29,56
2013-09-30,71
2013-10-01,57
2013-10-02,88
2013-10-03,71.6
2013-10-04,83
2013-10-05,54
2013-10-06,55
2013-10-07,51
2013-10-08,57
2013-10-09,49
2013-10-10,89
2013-10-11,90
2013-10-12,68.4
2013-10-13,75
2013-10-14,38
2013-10-15,57
2013-10-16,46
2013-10-17,60.5
2013-10-18,66
2013-10-19,85.3
2013-10-20,69.2
2013-10-21,75
2013-10-22,58.3
2013-10-23,70
2013-10-24,98
2013-10-25,83
2013-10-26,79
2013-10-27,61.6
2013-10-28,68
2013-10-29,56.9
2013-10-30,95.9
2013-10-31,55.1
2013-11-01,55.6
2013-11-02,57
2013-11-03,51
2013-11-04,66
2013-11-05,57
2013-11-06,72.9
2013-11-07,50
2013-11-08,76
2013-11-09,67
2013-11-10,45
2013-11-11,52
2013-11-12,54
2013-11-13,71
2013-11-14,66
2013-11-15,65
2013-11-16,55
2013-11-17,59.4
2013-11-18,50
2013-11-19,60.2
2013-11-20,73.7
2013-11-21,53
2013-11-22,69.1
2013-11-23,54
2013-11-24,53
2013-11-25,73
2013-11-26,74
2013-11-27,79
2013-11-28,53
2013-11-29,74
2013-11-30,42.4
2013-12-01,69.7
2013-12-02,57.8
2013-12-03,47
2013-12-04,81
2013-12-05,76.5
2013-12-06,79.9
2013-12-07,69.7
2013-12-08,58.2
2013-12-09,39
2013-12-10,73.1
2013-12-11,63
2013-12-12,74.8
2013-12-13,40.8
2013-12-14,62.9
2013-12-15,51
2013-12-16,78.2
2013-12-17,47.6
2013-12-18,43
2013-12-19,57.2
2013-12-20,58.4
2013-12-21,83.2
2013-12-22,58
2013-12-23,42.5
2013-12-24,75
2013-12-25,63
2013-12-26,68
2013-12-27,59
2013-12-28,54
2013-12-29,50
2013-12-30,76.5
2013-12-31,68
2014-01-01,44
2014-01-02,44
2014-01-03,47
2014-01-04,63
2014-01-05,59
2014-01-06,24.6
2014-01-07,60
2014-01-08,56
2014-01-09,69
2014-01-10,73
2014-01-11,89.8
2014-01-12,62
2014-01-13,70
2014-01-14,78
2014-01-15,62
2014-01-16,69
2014-01-17,53
2014-01-18,41
2014-01-19,52
2014-01-20,39
2014-01-21,54
2014-01-22,49.3
2014-01-23,59
2014-01-24,72
2014-01-25,90
2014-01-26,62
2014-01-27,101
2014-01-28,87
2014-01-29,93
2014-01-30,49
2014-01-31,78
2014-02-01,77
2014-02-02,51.8
2014-02-03,67
2014-02-04,84
2014-02-05,67.8
2014-02-06,80
2014-02-07,69
2014-02-08,75
2014-02-09,62
2014-02-10,67
2014-02-11,83
2014-02-12,64
2014-02-13,67
2014-02-14,46
2014-02-15,85
2014-02-16,68
2014-02-17,84
2014-02-18,83
2014-02-19,80.7
2014-02-20,96
2014-02-21,98
2014-02-22,69
2014-02-23,63
2014-02-24,98
2014-02-25,49
2014-02-26,74
2014-02-27,72
2014-02-28,67
2014-03-01,64
2014-03-02,69.3
2014-03-03,80
2014-03-04,90.6
2014-03-05,82.9
2014-03-06,76.6
2014-03-07,93
2014-03-08,73
2014-03-09,64
2014-03-10,75
2014-03-11,67
2014-03-12,63
2014-03-13,69
2014-03-14,57
2014-03-15,98
2014-03-16,78
2014-03-17,86
2014-03-18,53
2014-03-19,66
2014-03-20,58
2014-03-21,55
2014-03-22,84
2014-03-23,72
2014-03-24,51
2014-03-25,75
2014-03-26,68
2014-03-27,55
2014-03-28,80
2014-03-29,100
2014-03-30,79
2014-03-31,71
2014-04-01,73
2014-04-02,64
2014-04-03,81
2014-04-04,88
2014-04-05,56
2014-04-06,50
2014-04-07,67
2014-04-08,62
2014-04-09,57
2014-04-10,72
2014-04-11,78
2014-04-12,73.9
2014-04-13,63
2014-04-14,74
2014-04-15,59.7
2014-04-16,91
2014-04-17,60
2014-04-18,60.9
2014-04-19,63.9
2014-04-20,74
2014-04-21,56
2014-04-22,88
2014-04-23,67
2014-04-24,77.4
2014-04-25,66.9
2014-04-26,67.3
2014-04-27,68
2014-04-28,75
2014-04-29,96
2014-04-30,57
2014-05-01,62.1
2014-05-02,62.6
2014-05-03,89
2014-05-04,57
2014-05-05,79
2014-05-06,66.9
2014-05-07,41.1
2014-05-08,69
2014-05-09,42
2014-05-10,50.9
2014-05-11,44
2014-05-12,65
2014-05-13,72
2014-05-14,64.5
2014-05-15,66
2014-05-16,71
2014-05-17,81
2014-05-18,51
2014-05-19,63
2014-05-20,72.5
2014-05-21,51
2014-05-22,97.9
2014-05-23,57
2014-05-24,101
2014-05-25,62
2014-05-26,54
2014-05-27,50
2014-05-28,69
2014-05-29,41
2014-05-30,63.1
2014-05-31,56.1
2014-06-01,50
2014-06-02,57
2014-06-03,74
2014-06-04,72
2014-06-05,45
2014-06-06,53
2014-06-07,77
2014-06-08,59
2014-06-09,53
2014-06-10,49
2014-06-11,63
2014-06-12,68
2014-06-13,66
2014-06-14,58
2014-06-15,61
2014-06-16,36
2014-06-17,47
2014-06-18,43
2014-06-19,38
2014-06-20,72
2014-06-21,46
2014-06-22,47
2014-06-23,51
2014-06-24,54
2014-06-25,51
2014-06-26,47
2014-06-27,49
2014-06-28,63
2014-06-29,57
2014-06-30,63
2014-07-01,56
2014-07-02,63
2014-07-03,55
2014-07-04,49
2014-07-05,70
2014-07-06,40
2014-07-07,37
2014-07-08,39
2014-07-09,36
2014-07-10,48
2014-07-11,36
2014-07-12,64
2014-07-13,36
2014-07-14,35.8
2014-07-15,42
2014-07-16,43
2014-07-17,42
2014-07-18,42
2014-07-19,42
2014-07-20,37
2014-07-21,42
2014-07-22,42
2014-07-23,35
2014-07-24,41
2014-07-25,43
2014-07-26,68
2014-07-27,82
2014-07-28,35
2014-07-29,42
2014-07-30,47
2014-07-31,43
2014-08-01,73
2014-08-02,66.2
2014-08-03,65
2014-08-04,59
2014-08-05,63
2014-08-06,45
2014-08-07,89
2014-08-08,43
2014-08-09,49
2014-08-10,65
2014-08-11,65
2014-08-12,57
2014-08-13,48
2014-08-14,53
2014-08-15,50
2014-08-16,53
2014-08-17,52
2014-08-18,50
2014-08-19,55
2014-08-20,69
2014-08-21,82
2014-08-22,96
2014-08-23,70
2014-08-24,57
2014-08-25,73
2014-08-26,54.1
2014-08-27,43.2
2014-08-28,72
2014-08-29,54
2014-08-30,56.4
2014-08-31,64
2014-09-01,55
2014-09-02,77
2014-09-03,64
2014-09-04,59
2014-09-05,47
2014-09-06,70
2014-09-07,47
2014-09-08,41.5
2014-09-09,48
2014-09-10,71
2014-09-11,54.7
2014-09-12,76
2014-09-13,73
2014-09-14,58.2
2014-09-15,58
2014-09-16,47
2014-09-17,71
2014-09-18,83
2014-09-19,87
2014-09-20,85
2014-09-21,67
2014-09-22,77
2014-09-23,70
2014-09-24,74.4
2014-09-25,72
2014-09-26,70.3
2014-09-27,81
2014-09-28,71.6
2014-09-29,66
2014-09-30,62
2014-10-01,63
2014-10-02,42
2014-10-03,50
2014-10-04,64
2014-10-05,72
2014-10-06,75.7
2014-10-07,81
2014-10-08,46.5
2014-10-09,28
2014-10-10,38
2014-10-11,55
2014-10-12,61.2
2014-10-13,65.7
2014-10-14,60
2014-10-15,74
2014-10-16,81
2014-10-17,87
2014-10-18,46
2014-10-19,61
2014-10-20,60
2014-10-21,75
2014-10-22,63
2014-10-23,63
2014-10-24,69
2014-10-25,47.5
2014-10-26,33.9
2014-10-27,76
2014-10-28,56
2014-10-29,71
2014-10-30,98.5
2014-10-31,60.3
2014-11-01,73
2014-11-02,53
2014-11-03,41
2014-11-04,65.3
2014-11-05,43
2014-11-06,91
2014-11-07,91
2014-11-08,80
2014-11-09,53
2014-11-10,35
2014-11-11,47
2014-11-12,53.7
2014-11-13,48
2014-11-14,59
2014-11-15,57
2014-11-16,53
2014-11-17,70
2014-11-18,58.6
2014-11-19,49
2014-11-20,94
2014-11-21,53
2014-11-22,69
2014-11-23,57
2014-11-24,67
2014-11-25,57
2014-11-26,24.4
2014-11-27,72
2014-11-28,65
2014-11-29,71
2014-11-30,51
2014-12-01,65
2014-12-02,73
2014-12-03,49
2014-12-04,77
2014-12-05,52
2014-12-06,64
2014-12-07,67
2014-12-08,65
2014-12-09,44
2014-12-10,45.2
2014-12-11,65
2014-12-12,78.9
2014-12-13,28
2014-12-14,66
2014-12-15,62
2014-12-16,76
2014-12-17,82
2014-12-18,71.1
2014-12-19,78.2
2014-12-20,63
2014-12-21,70
2014-12-22,62
2014-12-23,87
2014-12-24,61
2014-12-25,47
2014-12-26,46
2014-12-27,54
2014-12-28,45
2014-12-29,57
2014-12-30,52
2014-12-31,58
2015-01-01,47
2015-01-02,40
2015-01-03,45
2015-01-04,56
2015-01-05,47
2015-01-06,60
2015-01-07,63
2015-01-08,66
2015-01-09,55
2015-01-10,69
2015-01-11,51
2015-01-12,64
2015-01-13,55
2015-01-14,69
2015-01-15,74
2015-01-16,67
2015-01-17,60
2015-01-18,78
2015-01-19,72
2015-01-20,67.2
2015-01-21,72
2015-01-22,64.5
2015-01-23,41
2015-01-24,78
2015-01-25,48
2015-01-26,93
2015-01-27,51
2015-01-28,52
2015-01-29,67
2015-01-30,64
2015-01-31,71
2015-02-01,45
2015-02-02,67
2015-02-03,38.7
2015-02-04,49
2015-02-05,88
2015-02-06,36
2015-02-07,79
2015-02-08,54
2015-02-09,57
2015-02-10,74
2015-02-11,37
2015-02-12,50
2015-02-13,49
2015-02-14,58
2015-02-15,60
2015-02-16,58
2015-02-17,90
2015-02-18,75
2015-02-19,85
2015-02-20,94
2015-02-21,114
2015-02-22,62
2015-02-23,87
2015-02-24,106
2015-02-25,96
2015-02-26,89
2015-02-27,74
2015-02-28,80
2015-03-01,78
2015-03-02,103
2015-03-03,68.3
2015-03-04,101.3
2015-03-05,75.6
2015-03-06,68
2015-03-07,100.2
2015-03-08,61
2015-03-09,67.1
2015-03-10,52.5
2015-03-11,61.7
2015-03-12,77
2015-03-13,83
2015-03-14,84
2015-03-15,90.2
2015-03-16,81.2
2015-03-17,124
2015-03-18,85.1
2015-03-19,27
2015-03-20,73
2015-03-21,74
2015-03-22,67
2015-03-23,63
2015-03-24,73.1
2015-03-25,79.8
2015-03-26,91
2015-03-27,83.5
2015-03-28,84
2015-03-29,73
2015-03-30,80
2015-03-31,113
2015-04-01,84
2015-04-02,69
2015-04-03,49
2015-04-04,71
2015-04-05,61
2015-04-06,48
2015-04-07,76
2015-04-08,124
2015-04-09,98
2015-04-10,71
2015-04-11,65.4
2015-04-12,76
2015-04-13,74
2015-04-14,74
2015-04-15,93
2015-04-16,88
2015-04-17,88
2015-04-18,115
2015-04-19,59.8
2015-04-20,99
2015-04-21,93
2015-04-22,77
2015-04-23,80
2015-04-24,83
2015-04-25,45
2015-04-26,49
2015-04-27,43
2015-04-28,62
2015-04-29,69
2015-04-30,60
2015-05-01,74
2015-05-02,74
2015-05-03,69
2015-05-04,65
2015-05-05,82
2015-05-06,99
2015-05-07,69
2015-05-08,79
2015-05-09,53
2015-05-10,45
2015-05-11,50
2015-05-12,60
2015-05-13,81
2015-05-14,69
2015-05-15,62
2015-05-16,72
2015-05-17,56
2015-05-18,69
2015-05-19,51
2015-05-20,55
2015-05-21,71.8
2015-05-22,70
2015-05-23,87
2015-05-24,53
2015-05-25,61
2015-05-26,59
2015-05-27,81
2015-05-28,46.6
2015-05-29,59.6
2015-05-30,59
2015-05-31,68
2015-06-01,39
2015-06-02,53
2015-06-03,44
2015-06-04,51
2015-06-05,36
2015-06-06,61
2015-06-07,48
2015-06-08,37
2015-06-09,49
2015-06-10,79
2015-06-11,68
2015-06-12,40
2015-06-13,83
2015-06-14,46
2015-06-15,57
2015-06-16,38
2015-06-17,37
2015-06-18,35.2
2015-06-19,35
2015-06-20,42
2015-06-21,51
2015-06-22,59
2015-06-23,30.4
2015-06-24,35
2015-06-25,36
2015-06-26,28.9
2015-06-27,30.3
2015-06-28,36
2015-06-29,36
2015-06-30,57
2015-07-01,38
2015-07-02,54
2015-07-03,46
2015-07-04,50
2015-07-05,47
2015-07-06,61
2015-07-07,38
2015-07-08,45
2015-07-09,53
2015-07-10,47
2015-07-11,41
2015-07-12,40
2015-07-13,69
2015-07-14,56.6
2015-07-15,45
2015-07-16,67
2015-07-17,74
2015-07-18,53
2015-07-19,50
2015-07-20,64
2015-07-21,59
2015-07-22,59
2015-07-23,41
2015-07-24,53
2015-07-25,63
2015-07-26,47
2015-07-27,47
2015-07-28,48
2015-07-29,52
2015-07-30,76
2015-07-31,47
2015-08-01,54
2015-08-02,52
2015-08-03,33.2
2015-08-04,48
2015-08-05,48.6
2015-08-06,55
2015-08-07,54
2015-08-08,58
2015-08-09,41
2015-08-10,43
2015-08-11,49
2015-08-12,47
2015-08-13,59
2015-08-14,51
2015-08-15,43
2015-08-16,49
2015-08-17,48
2015-08-18,60
2015-08-19,52
2015-08-20,72
2015-08-21,91
2015-08-22,80
2015-08-23,76
2015-08-24,67
2015-08-25,67
2015-08-26,63
2015-08-27,76
2015-08-28,79
2015-08-29,56
2015-08-30,60
2015-08-31,42
2015-09-01,43
2015-09-02,65
2015-09-03,71
2015-09-04,63
2015-09-05,86
2015-09-06,88
2015-09-07,58
2015-09-08,67
2015-09-09,58
2015-09-10,89.6
2015-09-11,57.2
2015-09-12,67
2015-09-13,77
2015-09-14,52
2015-09-15,73
2015-09-16,90
2015-09-17,99
2015-09-18,85
2015-09-19,116
2015-09-20,56
2015-09-21,96.6
2015-09-22,62
2015-09-23,68.1
2015-09-24,95.9
2015-09-25,56
2015-09-26,52
2015-09-27,54.2
2015-09-28,58
2015-09-29,73
2015-09-30,83
2015-10-01,52
2015-10-02,85.9
2015-10-03,82
2015-10-04,70
2015-10-05,59
2015-10-06,70
2015-10-07,78.1
2015-10-08,64
2015-10-09,72.5
2015-10-10,75.2
2015-10-11,63.2
2015-10-12,66.3
2015-10-13,71
2015-10-14,55.1
2015-10-15,43
2015-10-16,66.3
2015-10-17,61
2015-10-18,55
2015-10-19,78
2015-10-20,84.3
2015-10-21,109
2015-10-22,83
2015-10-23,74
2015-10-24,41.4
2015-10-25,87.7
2015-10-26,41
2015-10-27,36
2015-10-28,76
2015-10-29,73
2015-10-30,87.4
2015-10-31,81.1
2015-11-01,68.6
2015-11-02,48.4
2015-11-03,75.3
2015-11-04,65.6
2015-11-05,47.7
2015-11-06,60
2015-11-07,48
2015-11-08,68
2015-11-09,76.8
2015-11-10,70
2015-11-11,74.5
2015-11-12,66
2015-11-13,83.2
2015-11-14,92.9
2015-11-15,48
2015-11-16,100
2015-11-17,68
2015-11-18,34.7
2015-11-19,65
2015-11-20,75
2015-11-21,64.3
2015-11-22,54
2015-11-23,54
2015-11-24,74.3
2015-11-25,94.7
2015-11-26,119
2015-11-27,78
2015-11-28,102.5
2015-11-29,81
2015-11-30,109
2015-12-01,42
2015-12-02,55
2015-12-03,96
2015-12-04,78.4
2015-12-05,71
2015-12-06,63.3
2015-12-07,72
2015-12-08,57
2015-12-09,72
2015-12-10,72
2015-12-11,59
2015-12-12,84
2015-12-13,83
2015-12-14,79.9
2015-12-15,85.1
2015-12-16,91
2015-12-17,72
2015-12-18,56
2015-12-19,69
2015-12-20,47
2015-12-21,63
2015-12-22,68
2015-12-23,74
2015-12-24,56
2015-12-25,52
2015-12-26,99
2015-12-27,90
2015-12-28,118.7
2015-12-29,72
2015-12-30,35
2015-12-31,60
2016-01-01,64
2016-01-02,53
2016-01-03,67.6
2016-01-04,74
2016-01-05,89
2016-01-06,83.1
2016-01-07,103.8
2016-01-08,93
2016-01-09,79
2016-01-10,83.7
2016-01-11,44
2016-01-12,107.9
2016-01-13,84
2016-01-14,107.6
2016-01-15,99
2016-01-16,95
2016-01-17,85.9
2016-01-18,80
2016-01-19,75
2016-01-20,125
2016-01-21,142.9
2016-01-22,89
2016-01-23,87
2016-01-24,63
2016-01-25,96
2016-01-26,113.1
2016-01-27,116.5
2016-01-28,83.1
2016-01-29,87
2016-01-30,87
2016-01-31,78
2016-02-01,85
2016-02-02,87
2016-02-03,92
2016-02-04,101.1
2016-02-05,77
2016-02-06,60
2016-02-07,58
2016-02-08,55
2016-02-09,49
2016-02-10,71
2016-02-11,67
2016-02-12,83
2016-02-13,96
2016-02-14,61
2016-02-15,78
2016-02-16,99
2016-02-17,123
2016-02-18,89
2016-02-19,81
2016-02-20,78
2016-02-21,44.6
2016-02-22,70
2016-02-23,88
2016-02-24,63.8
2016-02-25,59.9
2016-02-26,104
2016-02-27,117
2016-02-28,74
2016-02-29,104.5
2016-03-01,126.1
2016-03-02,107
2016-03-03,87
2016-03-04,92.6
2016-03-05,96.7
2016-03-06,61
2016-03-07,112.4
2016-03-08,102.3
2016-03-09,164.3
2016-03-10,110.9
2016-03-11,100
2016-03-12,131.5
2016-03-13,102
2016-03-14,96.5
2016-03-15,109
2016-03-16,95
2016-03-17,84.9
2016-03-18,97
2016-03-19,84.9
2016-03-20,61
2016-03-21,62
2016-03-22,68
2016-03-23,77.5
2016-03-24,78.6
2016-03-25,65.2
2016-03-26,79
2016-03-27,80
2016-03-28,95
2016-03-29,137.4
2016-03-30,128.3
2016-03-31,90
2016-04-01,106.3
2016-04-02,78
2016-04-03,71.3
2016-04-04,106.7
2016-04-05,101
2016-04-06,75
2016-04-07,65
2016-04-08,74
2016-04-09,52.2
2016-04-10,59.7
2016-04-11,104.9
2016-04-12,34.7
2016-04-13,80.7
2016-04-14,89
2016-04-15,107
2016-04-16,67
2016-04-17,70
2016-04-18,78
2016-04-19,81
2016-04-20,55
2016-04-21,102
2016-04-22,47
2016-04-23,76.2
2016-04-24,55
2016-04-25,85
2016-04-26,69.9
2016-04-27,57
2016-04-28,52
2016-04-29,77
2016-04-30,83.8
2016-05-01,68.9
2016-05-02,30
2016-05-03,68
2016-05-04,49
2016-05-05,106
2016-05-06,35.6
2016-05-07,78.5
2016-05-08,37
2016-05-09,65
2016-05-10,17
2016-05-11,77.4
2016-05-12,68
2016-05-13,45
2016-05-14,55
2016-05-15,48
2016-05-16,40
2016-05-17,49
2016-05-18,53.9
2016-05-19,49
2016-05-20,43.8
2016-05-21,50
2016-05-22,60
2016-05-23,43
2016-05-24,95
2016-05-25,76
2016-05-26,76
2016-05-27,99
2016-05-28,47.4951
2016-05-29,30.7805
2016-05-30,68.2451
2016-05-31,72.6386
2016-06-01,64.3994
2016-06-02,58.5272
2016-06-03,48.3972
2016-06-04,100.9725
2016-06-05,98.9586
2016-06-06,62.2337
2016-06-07,55.7131
2016-06-08,76.454
2016-06-09,49.2111
2016-06-10,42.1449
2016-06-11,45.7944
2016-06-12,50.9608
2016-06-13,55.9703
2016-06-14,42.725
2016-06-15,40.3289
2016-06-16,45.186
2016-06-17,52.2661
2016-06-18,40.4692
2016-06-19,58.2615
2016-06-20,32.2711
2016-06-21,40.6084
2016-06-22,62.786
2016-06-23,47.859
2016-06-24,64.5929
2016-06-25,57.5815
2016-06-26,55.9835
2016-06-27,44.4873
2016-06-28,49.5503
2016-06-29,46.6389
2016-06-30,44.6785
2016-07-01,42.8868
2016-07-02,55.4192
2016-07-03,57.385
2016-07-04,54.3683
2016-07-05,66.6871
2016-07-06,65.6837
2016-07-07,59.9224
2016-07-08,39.6947
2016-07-09,45.2647
2016-07-10,50.7449
2016-07-11,55.5615
2016-07-12,68.3368
2016-07-13,59.8811
2016-07-14,60.1408
2016-07-15,75.1714
2016-07-16,67.4808
2016-07-17,75.7135
2016-07-18,65.7318
2016-07-19,77.8729
2016-07-20,61.3772
2016-07-21,63.7292
2016-07-22,67.0993
2016-07-23,59.7514
2016-07-24,61.9252
2016-07-25,105.0453
2016-07-26,63.5494
2016-07-27,86.1226
2016-07-28,49.6836
2016-07-29,51.2468
2016-07-30,88.2142
2016-07-31,56.1667
2016-08-01,59.2901
2016-08-02,63.6856
2016-08-03,79.0871
2016-08-04,80.6122
2016-08-05,59.2122
2016-08-06,64.6075
2016-08-07,62.2382
2016-08-08,63.804
2016-08-09,63.548
2016-08-10,50.7015
2016-08-11,56.0197
2016-08-12,64.1193
2016-08-13,78.5829
2016-08-14,68.2189
2016-08-15,65.0211
2016-08-16,48.8378
2016-08-17,68.1571
2016-08-18,93.7683
2016-08-19,69.7757
2016-08-20,55.0117
2016-08-21,41.7543
2016-08-22,42.7231
2016-08-23,54.7322
2016-08-24,88.6669
2016-08-25,95.7254
2016-08-26,56.4021
2016-08-27,84.3518
2016-08-28,69.0917
2016-08-29,71.4507
2016-08-30,72.5817
2016-08-31,52.8775
2016-09-01,68.3718
2016-09-02,53.5301
2016-09-03,99.8639
2016-09-04,67.1822
2016-09-05,94.8309
2016-09-06,54.7381
2016-09-07,65.9308
2016-09-08,76.4885
2016-09-09,67.4567
2016-09-10,86.2115
2016-09-11,59.3161
2016-09-12,69.3912
2016-09-13,57.0821
2016-09-14,65.7213
2016-09-15,81.1974
2016-09-16,58.8074
2016-09-17,83.6306
2016-09-18,63.2239
2016-09-19,49.8713
2016-09-20,63.9697
2016-09-21,76.5229
2016-09-22,37.9892
2016-09-23,68.1247
2016-09-24,64.4437
2016-09-25,57.3568
2016-09-26,55.6161
2016-09-27,58.7408
2016-09-28,72.7978
2016-09-29,79.6476
2016-09-30,57.1958
2016-10-01,33.8212
2016-10-02,53.6225
2016-10-03,68.1622
2016-10-04,70.2603
2016-10-05,63.6319
2016-10-06,81.049
2016-10-07,72.5869
2016-10-08,46.9865
2016-10-09,58.3298
2016-10-10,93.7763
2016-10-11,75.6697
2016-10-12,58.5775
2016-10-13,62.7368
2016-10-14,111.5049
2016-10-15,62.7282
2016-10-16,67.3678
2016-10-17,72.0214
2016-10-18,32.5924
2016-10-19,89.7789
2016-10-20,81.7372
2016-10-21,70.5572
2016-10-22,74.6008
2016-10-23,61.4
2016-10-24,88.3962
2016-10-25,58.6
2016-10-26,55.5611
2016-10-27,66.5
2016-10-28,80.2107
2016-10-29,82.7
2016-10-30,66.609
2016-10-31,70.8018
2016-11-01,42.4194
2016-11-02,66.8
2016-11-03,68.6564
2016-11-04,65.8186
2016-11-05,64.4456
2016-11-06,67.3764
2016-11-07,48.4
2016-11-08,55.8619
2016-11-09,70.1146
2016-11-10,64.8025
2016-11-11,39.5
2016-11-12,70
2016-11-13,72.6618
2016-11-14,49.1474
2016-11-15,61.148
2016-11-16,69.7521
2016-11-17,59.8114
2016-11-18,62.1911
2016-11-19,31.9998
2016-11-20,35.5002
2016-11-21,48.7518
2016-11-22,80.9371
2016-11-23,53.0121
2016-11-24,83.4905
2016-11-25,38.8478
2016-11-26,54.9294
2016-11-27,47.8035
2016-11-28,78.7513
2016-11-29,57.4358
2016-11-30,72.2139
2016-12-01,34.335
2016-12-02,64.3276
2016-12-03,45.5728
2016-12-04,59.1653
2016-12-05,57.8394
2016-12-06,102.7632
2016-12-07,43.6168
2016-12-08,50.0714
2016-12-09,60.4031
2016-12-10,53.3804
2016-12-11,72.8453
2016-12-12,64.6428
2016-12-13,81.5364
2016-12-14,76.4285
2016-12-15,71.9385
2016-12-16,66.0646
2016-12-17,60.5547
2016-12-18,54.9901
2016-12-19,67.9388
2016-12-20,88.6844
2016-12-21,27.5369
2016-12-22,65.5291
2016-12-23,66.9137
2016-12-24,68.2568
2016-12-25,44.0543
2016-12-26,60.3347
2016-12-27,65.7424
2016-12-28,72.4751
2016-12-29,65.0824
2016-12-30,35.5229
2016-12-31,62.3715
2017-01-01,53.6997
2017-01-02,50.8933
2017-01-03,85.1092
2017-01-04,63.556
2017-01-05,62.7661
2017-01-06,91.236
2017-01-07,70.9632
2017-01-08,64.9194
2017-01-09,38.0485
2017-01-10,71.8868
2017-01-11,80.8579
2017-01-12,94.2511
2017-01-13,94.4357
2017-01-14,88.0718
2017-01-15,49.4793
2017-01-16,73.6071
2017-01-17,62.7197
2017-01-18,36.9656
2017-01-19,92.1701
2017-01-20,70.3825
2017-01-21,64.2325
2017-01-22,78.1304
2017-01-23,61.1671
2017-01-24,58.2428
2017-01-25,67.4107
2017-01-26,64.5771
2017-01-27,79.6363
2017-01-28,44.8589
2017-01-29,48.1246
2017-01-30,37.9699
2017-01-31,53.5293
2017-02-01,64.3768
2017-02-02,55.976
2017-02-03,54.9144
2017-02-04,56.7335
2017-02-05,59.449
2017-02-06,81.1761
2017-02-07,72.5117
2017-02-08,83.8079
2017-02-09,79.3826
2017-02-10,85.244
2017-02-11,99.4496
2017-02-12,62.8144
2017-02-13,53.6329
2017-02-14,75.1483
2017-02-15,81.4243
2017-02-16,80.504
2017-02-17,59.0775
2017-02-18,83.566
2017-02-19,77.3947
2017-02-20,81.8528
2017-02-21,68.559
2017-02-22,62.452
2017-02-23,72.9994
2017-02-24,58.4057
2017-02-25,79.225
2017-02-26,61.631
2017-02-27,98.4824
2017-02-28,83.9105
2017-03-01,94.8467
2017-03-02,76.336
2017-03-03,75.5718
2017-03-04,67.7038
2017-03-05,62.7851
2017-03-06,85.3271
2017-03-07,62.2718
2017-03-08,31.5996
2017-03-09,74.4871
2017-03-10,22.8299
2017-03-11,83.8411
2017-03-12,60.4248
2017-03-13,54.801
2017-03-14,92.4314
2017-03-15,54.6244
2017-03-16,94.4019
2017-03-17,74.9585
2017-03-18,103.245
2017-03-19,69.0282
2017-03-20,68.1789
2017-03-21,86.4724
2017-03-22,59.4292
2017-03-23,69.5692
2017-03-24,53.9444
2017-03-25,87.6274
2017-03-26,45.1785
2017-03-27,59.9782
2017-03-28,88.2644
2017-03-29,40.6471
2017-03-30,68.6239
2017-03-31,42.1157
2017-04-01,95.3678
2017-04-02,60.5496
2017-04-03,74.5685
2017-04-04,74.1526
2017-04-05,76.3476
2017-04-06,76.3622
2017-04-07,109.485
2017-04-08,90.8464
2017-04-09,52.4336
2017-04-10,97.8832
2017-04-11,66.7326
2017-04-12,69.9146
2017-04-13,72.0521
2017-04-14,24.8304
2017-04-15,68.6565
2017-04-16,49.5222
2017-04-17,35.4185
2017-04-18,50.6532
2017-04-19,45.1974
2017-04-20,25.2625
2017-04-21,66.8128
2017-04-22,95.3042
2017-04-23,56.864
2017-04-24,72.9314
2017-04-25,60.7026
2017-04-26,50.8207
2017-04-27,77.4236
2017-04-28,50.5761
2017-04-29,61.9635
2017-04-30,45.2433
2017-05-01,70.1133
2017-05-02,53.3085
2017-05-03,24.6474
2017-05-04,59.4418
2017-05-05,65.752
2017-05-06,58.9001
2017-05-07,49.1508
2017-05-08,53.3144
2017-05-09,39.8807
2017-05-10,54.5506
2017-05-11,38.6577
2017-05-12,31.0279
2017-05-13,67.3571
2017-05-14,62.4147
2017-05-15,76.9977
2017-05-16,84.5838
2017-05-17,68.9056
2017-05-18,93.1539
2017-05-19,80.6024
2017-05-20,64.3578
2017-05-21,55.5081
2017-05-22,50.1897
2017-05-23,62.3767
2017-05-24,59.8831
2017-05-25,41.6169
2017-05-26,83.6636
2017-05-27,71.9035
2017-05-28,63.7564
2017-05-29,58.979
2017-05-30,66.3604
2017-05-31,60.039
2017-06-01,62.0047
2017-06-02,57.2428
2017-06-03,61.6811
2017-06-04,52.2749
2017-06-05,54.881
2017-06-06,63.6418
2017-06-07,74.7532
2017-06-08,22.1329
2017-06-09,79.4494
2017-06-10,82.2421
2017-06-11,54.7894
2017-06-12,50.9196
2017-06-13,85.7076
2017-06-14,94.3418
2017-06-15,28.2588
2017-06-16,77.3363
2017-06-17,73.3535
2017-06-18,60.8171
2017-06-19,63.3207
2017-06-20,46.5564
2017-06-21,78.7093
2017-06-22,53.7954
2017-06-23,56.635
2017-06-24,67.1543
2017-06-25,64.8754
2017-06-26,55.1953
2017-06-27,58.3112
2017-06-28,76.2324
2017-06-29,73.315
2017-06-30,64.179
2017-07-01,45.1853
2017-07-02,41.6018
2017-07-03,53.7687
2017-07-04,63.0306
2017-07-05,45.8025
2017-07-06,51.3312
2017-07-07,35.8378
2017-07-08,54.4122
2017-07-09,58.3076
2017-07-10,44.7417
2017-07-11,58.1303
2017-07-12,51.0199
2017-07-13,68.6218
2017-07-14,84.5686
2017-07-15,59.5812
2017-07-16,74.9217
2017-07-17,59.1867
2017-07-18,49.059
2017-07-19,79.1419
2017-07-20,45.8164
2017-07-21,65.7794
2017-07-22,43.8922
2017-07-23,41.5207
2017-07-24,42.8983
2017-07-25,41.8224
2017-07-26,40.3417
2017-07-27,46.0627
2017-07-28,44.809
2017-07-29,66.3846
2017-07-30,57.2564
2017-07-31,46.4951
2017-08-01,61.7404
2017-08-02,72.9321
2017-08-03,65.8956
2017-08-04,57.3
2017-08-05,70.9285
2017-08-06,47.7236
2017-08-07,54.9424
2017-08-08,56.4201
2017-08-09,63.8889
2017-08-10,49.6802
2017-08-11,66.3042
2017-08-12,60.1624
2017-08-13,52.4365
2017-08-14,47.4346
2017-08-15,69.1062
2017-08-16,55.2851
2017-08-17,85.3789
2017-08-18,61.045
2017-08-19,36.085
2017-08-20,47.2576
2017-08-21,44.5706
2017-08-22,70.3994
2017-08-23,75.111
2017-08-24,51.5247
2017-08-25,52.4204
2017-08-26,67.6025
2017-08-27,79.1022
2017-08-28,53.8032
2017-08-29,76
2017-08-30,77.8
2017-08-31,55.1429
2017-09-01,63.1986
2017-09-02,62.5707
2017-09-03,53.4228
2017-09-04,80.6288
2017-09-05,80.9619
2017-09-06,71.6353
2017-09-07,67.5
2017-09-08,44.0059
2017-09-09,65.4
2017-09-10,61.4004
2017-09-11,57.6104
2017-09-12,59.8132
2017-09-13,70.0058
2017-09-14,78.6343
2017-09-15,116.6738
2017-09-16,61.3592
2017-09-17,53.746
2017-09-18,70.5
2017-09-19,75.1472
2017-09-20,87.3
2017-09-21,85.7
2017-09-22,100.583
2017-09-23,86.8799
2017-09-24,67.9939
2017-09-25,73.066
2017-09-26,38.6011
2017-09-27,80.6754
2017-09-28,59.3015
2017-09-29,57.4
2017-09-30,66.0265
2017-10-01,67.6826
2017-10-02,71.2311
2017-10-03,80.9753
2017-10-04,59.2
2017-10-05,37.4872
2017-10-06,71.1593
2017-10-07,54.3969
2017-10-08,64.5843
2017-10-09,45.9821
2017-10-10,105.91
2017-10-11,65.9725
2017-10-12,73.1124
2017-10-13,71.5593
2017-10-14,67.8958
2017-10-15,57.0724
2017-10-16,43.8001
2017-10-17,41.0207
2017-10-18,68.2876
2017-10-19,97.2415
2017-10-20,89.2513
2017-10-21,69.096
2017-10-22,56.2799
2017-10-23,37.7507
2017-10-24,23.8035
2017-10-25,79.3224
2017-10-26,19.8956
2017-10-27,71.0854
2017-10-28,31.0982
2017-10-29,40.2972
2017-10-30,67.464
2017-10-31,48.6724
2017-11-01,54.5806
2017-11-02,75.9826
2017-11-03,68.8826
2017-11-04,56.6756
2017-11-05,57.4307
2017-11-06,65.7425
2017-11-07,54.0421
2017-11-08,78.3525
2017-11-09,49.0485
2017-11-10,81.1764
2017-11-11,64.916
2017-11-12,56.3889
2017-11-13,45.7333
2017-11-14,37.3
2017-11-15,50.9026
2017-11-16,69.7155
2017-11-17,38.8
2017-11-18,59.5509
2017-11-19,24.8293
2017-11-20,39.0076
2017-11-21,67.7868
2017-11-22,46.8158
2017-11-23,50.7088
2017-11-24,66.0189
2017-11-25,59.8061
2017-11-26,55.8217
2017-11-27,48.9981
2017-11-28,50.983
2017-11-29,68.1537
2017-11-30,52.7793
2017-12-01,73.4428
2017-12-02,97.2674
2017-12-03,65.1615
2017-12-04,44.6182
2017-12-05,53.3575
2017-12-06,63.7547
2017-12-07,62.6353
2017-12-08,82.9201
2017-12-09,84.0417
2017-12-10,68.0511
2017-12-11,69.4175
2017-12-12,42.663
2017-12-13,67.2486
2017-12-14,71.7835
2017-12-15,57.0657
2017-12-16,83.1467
2017-12-17,61.011
2017-12-18,64.3935
2017-12-19,78.1401
2017-12-20,84.4136
2017-12-21,69.7767
2017-12-22,89.9718
2017-12-23,73.6922
2017-12-24,67.8768
2017-12-25,63.0118
2017-12-26,65
2017-12-27,47.8442
2017-12-28,41.5192
2017-12-29,40.9693
2017-12-30,64.0046
2017-12-31,53.3719
2018-01-01,53.9507
2018-01-02,60.37
2018-01-03,55.7583
2018-01-04,87.2649
2018-01-05,55.6635
2018-01-06,65.6029
2018-01-07,69.0564
2018-01-08,73.2458
2018-01-09,31.7718
2018-01-10,86.7949
2018-01-11,54.5186
2018-01-12,52.8377
2018-01-13,55.1833
2018-01-14,53.264
2018-01-15,54.3144
2018-01-16,46.3685
2018-01-17,43.6428
2018-01-18,49.4901
2018-01-19,57.4787
2018-01-20,59.3368
2018-01-21,54.3233
2018-01-22,45.6039
2018-01-23,61.3365
2018-01-24,43.4768
2018-01-25,66.3035
2018-01-26,53.3923
2018-01-27,65.3558
2018-01-28,55.3468
2018-01-29,71.1024
2018-01-30,51.4536
2018-01-31,44.9294
2018-02-01,51.0117
2018-02-02,56.5447
2018-02-03,54.9808
2018-02-04,55.675
2018-02-05,94.4385
2018-02-06,85.6825
2018-02-07,86.6639
2018-02-08,90.0833
2018-02-09,94.3368
2018-02-10,81.1718
2018-02-11,42.1774
2018-02-12,58.66
2018-02-13,87.3471
2018-02-14,80.9011
2018-02-15,106.449
2018-02-16,92.6343
2018-02-17,66.5836
2018-02-18,58.3536
2018-02-19,114.146
2018-02-20,73.6218
2018-02-21,109.513
2018-02-22,73.686
2018-02-23,86.138
2018-02-24,83.8863
2018-02-25,63.7194
2018-02-26,84.5211
2018-02-27,83.985
2018-02-28,97.9268
2018-03-01,88.5589
2018-03-02,80.384
2018-03-03,104
2018-03-04,80.039
2018-03-05,74.045
2018-03-06,66.2603
2018-03-07,46.2508
2018-03-08,35.2
2018-03-09,65.7
2018-03-10,56.5
2018-03-11,40.7653
2018-03-12,67.2528
2018-03-13,87.2
2018-03-14,63.6597
2018-03-15,41.7105
2018-03-16,73.9349
2018-03-17,74.7
2018-03-18,62
2018-03-19,77.5
2018-03-20,40.9
2018-03-21,82.7
2018-03-22,38.7061
2018-03-23,65.1874
2018-03-24,76.3821
2018-03-25,68.3
2018-03-26,87.6296
2018-03-27,82
2018-03-28,88.5297
2018-03-29,55.9882
2018-03-30,45.9283
2018-03-31,80.6018
2018-04-01,70.5364
2018-04-02,46.0926
2018-04-03,85.1056
2018-04-04,76.1246
2018-04-05,89.8089
2018-04-06,50.3
2018-04-07,68.0432
2018-04-08,61.743
2018-04-09,77.1579
2018-04-10,47.1
2018-04-11,41.4
2018-04-12,71.2746
2018-04-13,67.425
2018-04-14,62.1282
2018-04-15,73.4039
2018-04-16,37.6818
2018-04-17,36.7513
2018-04-18,72.0851
2018-04-19,38.0379
2018-04-20,39.7689
2018-04-21,60.8944
2018-04-22,64.6228
2018-04-23,63.585
2018-04-24,69.6397
2018-04-25,62.7373
2018-04-26,96.4389
2018-04-27,56.5275
2018-04-28,59.6
2018-04-29,50.2715
2018-04-30,61.6261
2018-05-01,61.304
2018-05-02,76.3
2018-05-03,76.6896
2018-05-04,74.9371
2018-05-05,37.9149
2018-05-06,54.0165
2018-05-07,66.6243
2018-05-08,64.2493
2018-05-09,64.8564
2018-05-10,68.0777
2018-05-11,54.5061
2018-05-12,69.731
2018-05-13,58.6785
2018-05-14,54.9015
2018-05-15,91.3067
2018-05-16,67.4
2018-05-17,77.9104
2018-05-18,72.909
2018-05-19,54.2863
2018-05-20,51.886
2018-05-21,31.2197
2018-05-22,66.2478
2018-05-23,58.9881
2018-05-24,84.6965
2018-05-25,63.1636
2018-05-26,29.8
2018-05-27,55.8374
2018-05-28,49.5088
2018-05-29,57.3018
2018-05-30,51.2985
2018-05-31,66.6592
2018-06-01,41.8026
2018-06-02,66.6351
2018-06-03,55.8403
2018-06-04,40.8683
2018-06-05,50.6
2018-06-06,49.1096
2018-06-07,46.1504
2018-06-08,56.7161
2018-06-09,51.9808
2018-06-10,39.6428
2018-06-11,34.5
2018-06-12,70.7503
2018-06-13,69.5912
2018-06-14,49.1267
2018-06-15,53.5107
2018-06-16,41.5847
2018-06-17,39.4822
2018-06-18,70.5
2018-06-19,61.8158
2018-06-20,52.6015
2018-06-21,50.7521
2018-06-22,65.7251
2018-06-23,68.5118
2018-06-24,46.8988
2018-06-25,35.2651
2018-06-26,47.4164
2018-06-27,53.2583
2018-06-28,57.7524
2018-06-29,44.8411
2018-06-30,53.5708
2018-07-01,60.429
2018-07-02,53.6
2018-07-03,61.4426
2018-07-04,51.3295
2018-07-05,42.4576
2018-07-06,46.2221
2018-07-07,67.5589
2018-07-08,45.9986
2018-07-09,58.9785
2018-07-10,48.831
2018-07-11,59.5676
2018-07-12,36.8
2018-07-13,31.5972
2018-07-14,33.1746
2018-07-15,45.1272
2018-07-16,39.8806
2018-07-17,52.3072
2018-07-18,44.1124
2018-07-19,50.8859
2018-07-20,43.6392
2018-07-21,53.5076
2018-07-22,43.6536
2018-07-23,61.3987
2018-07-24,66.0242
2018-07-25,41.9847
2018-07-26,52.6165
2018-07-27,40.5844
2018-07-28,57.2139
2018-07-29,43.4414
2018-07-30,46.9521
2018-07-31,26.0849
2018-08-01,91.1154
2018-08-02,42.7337
2018-08-03,69.6364
2018-08-04,67.3457
2018-08-05,37.3417
2018-08-06,71.2228
2018-08-07,47.0624
2018-08-08,44.9938
2018-08-09,39.9232
2018-08-10,40.7
2018-08-11,46.8101
2018-08-12,42.7912
2018-08-13,55.1471
2018-08-14,53.0244
2018-08-15,44.8
2018-08-16,44.9437
2018-08-17,54.15
2018-08-18,58.8832
2018-08-19,49.8
2018-08-20,38.9597
2018-08-21,49.6699
2018-08-22,45.8067
2018-08-23,59.8736
2018-08-24,60.5029
2018-08-25,61.3925
2018-08-26,71.5378
2018-08-27,54.9842
2018-08-28,61.8392
2018-08-29,65.3929
2018-08-30,69.4608
2018-08-31,57.6382
2018-09-01,63.405
2018-09-02,60.8885
2018-09-03,64.4369
2018-09-04,60.5076
2018-09-05,67.8008
2018-09-06,75.3447
2018-09-07,58.936
2018-09-08,81.5357
2018-09-09,53.5035
2018-09-10,55.1822
2018-09-11,76.5015
2018-09-12,72.5581
2018-09-13,37.3293
2018-09-14,72.9729
2018-09-15,52.2
2018-09-16,50.8908
2018-09-17,83.1247
2018-09-18,119.403
2018-09-19,73.7781
2018-09-20,61
2018-09-21,73.485
2018-09-22,84.3204
2018-09-23,47.9579
2018-09-24,79.3722
2018-09-25,55.2979
2018-09-26,66.5
2018-09-27,66.547
2018-09-28,90.1
2018-09-29,83.8
2018-09-30,72.8
2018-10-01,63.6367
2018-10-02,87.1221
2018-10-03,78.6
2018-10-04,101.229
2018-10-05,49.2
2018-10-06,62.3878
2018-10-07,69.2
2018-10-08,55.8
2018-10-09,30.7
2018-10-10,68.2
2018-10-11,60
2018-10-12,54.1402
2018-10-13,57.7837
2018-10-14,51.9
2018-10-15,56
2018-10-16,63.1243
2018-10-17,78.8
2018-10-18,61.4
2018-10-19,84.8
2018-10-20,90.2
2018-10-21,44.2
2018-10-22,52.3581
2018-10-23,55.0866
2018-10-24,64.4
2018-10-25,55.4
2018-10-26,64.9
2018-10-27,57.6
2018-10-28,64.8
2018-10-29,58.6
2018-10-30,64
2018-10-31,74.2
2018-11-01,60.2
2018-11-02,54.7
2018-11-03,73
2018-11-04,61.6035
2018-11-05,31.7
2018-11-06,71.6
2018-11-07,43
2018-11-08,75.3
2018-11-09,38.6
2018-11-10,72.6
2018-11-11,56.4
2018-11-12,60.2
2018-11-13,43.5
2018-11-14,63.7
2018-11-15,68.3
2018-11-16,87.4
2018-11-17,75.8
2018-11-18,61.1
2018-11-19,63.5
2018-11-20,86.3
2018-11-21,70.9959
2018-11-22,80.4
2018-11-23,93
2018-11-24,81.5
2018-11-25,58.6
2018-11-26,94.8696
2018-11-27,59.3635
2018-11-28,83.3
2018-11-29,71.3
2018-11-30,91.3
2018-12-01,69.8201
2018-12-02,63.5
2018-12-03,72.6
2018-12-04,76.5
2018-12-05,52.9
2018-12-06,97.7
2018-12-07,71.8
2018-12-08,53.3
2018-12-09,50.3
2018-12-10,62.7
2018-12-11,42
2018-12-12,44.3
2018-12-13,46.5
2018-12-14,64.2
2018-12-15,60.8
2018-12-16,55
2018-12-17,64.4
2018-12-18,67
2018-12-19,59.2
2018-12-20,59.4
2018-12-21,49
2018-12-22,55.3
2018-12-23,52
2018-12-24,58.2
2018-12-25,64.9
2018-12-26,74.7
2018-12-27,66.9
2018-12-28,43.8
2018-12-29,54.6
2018-12-30,50.9
2018-12-31,42.7
2019-01-01,58.7
2019-01-02,63
2019-01-03,41.7
2019-01-04,57.7
2019-01-05,105
2019-01-06,65.9
2019-01-07,50.7
2019-01-08,70.1
2019-01-09,42.3
2019-01-10,42.3
2019-01-11,80.6
2019-01-12,57.8
2019-01-13,46.8
2019-01-14,46.2
2019-01-15,75
2019-01-16,57.3
2019-01-17,34.1
2019-01-18,58.6
2019-01-19,49.8
2019-01-20,50.5
2019-01-21,42.8
2019-01-22,39
2019-01-23,55.9
2019-01-24,73.6
2019-01-25,52.3
2019-01-26,63
2019-01-27,54.4
2019-01-28,26.5
2019-01-29,80
2019-01-30,59.9
2019-01-31,69.3
2019-02-01,79.8
2019-02-02,69.9
2019-02-03,65.2
2019-02-04,76
2019-02-05,106.7
2019-02-06,78.6
2019-02-07,69.5
2019-02-08,54.7
2019-02-09,80.1
2019-02-10,68.7
2019-02-11,77.2
2019-02-12,93.5
2019-02-13,78.3
2019-02-14,83.8
2019-02-15,84
2019-02-16,76.3
2019-02-17,62.2
2019-02-18,85.9
2019-02-19,61.8
2019-02-20,89.9
2019-02-21,73.6
2019-02-22,81.4
2019-02-23,68.2
2019-02-24,76.8
2019-02-25,70.3
2019-02-26,66
2019-02-27,72.3
2019-02-28,85.9
2019-03-01,88.4
2019-03-02,82.9
2019-03-03,72.4
2019-03-04,72.6
2019-03-05,77.6
2019-03-06,75.5
2019-03-07,78.2
2019-03-08,64.7
2019-03-09,62.3
2019-03-10,65.2
2019-03-11,75.5
2019-03-12,94.5
2019-03-13,92.4
2019-03-14,75.1
2019-03-15,80.4
2019-03-16,80.3
2019-03-17,82.8
2019-03-18,46.4
2019-03-19,50.9
2019-03-20,71.1156
2019-03-21,58.4
2019-03-22,64
2019-03-23,77.8
2019-03-24,51.4
2019-03-25,75.2
2019-03-26,66
2019-03-27,76.6
2019-03-28,100.4
2019-03-29,70.2
2019-03-30,90.4
2019-03-31,57.9
2019-04-01,67.8
2019-04-02,70.5
2019-04-03,75.7
2019-04-04,78.8
2019-04-05,70
2019-04-06,80.6
2019-04-07,83.5
2019-04-08,79
2019-04-09,65
2019-04-10,74.7
2019-04-11,74.6
2019-04-12,64.4
2019-04-13,71.2
2019-04-14,91.1
2019-04-15,74.9
2019-04-16,64.1
2019-04-17,49.3
2019-04-18,65.4
2019-04-19,61.5
2019-04-20,72.3
2019-04-21,73
2019-04-22,76.5
2019-04-23,73.5
2019-04-24,75.1
2019-04-25,67.4
2019-04-26,82.7
2019-04-27,64.7
2019-04-28,52.7
2019-04-29,61.4
2019-04-30,42.6
2019-05-01,55.9
2019-05-02,78.8
2019-05-03,61.8
2019-05-04,63.4
2019-05-05,65.1
2019-05-06,72.4
2019-05-07,80.2
2019-05-08,20
2019-05-09,75.6
2019-05-10,52.2
2019-05-11,51.3
2019-05-12,93.8
2019-05-13,58
2019-05-14,71.3
2019-05-15,53.7
2019-05-16,74.7
2019-05-17,72.4
2019-05-18,78.7
2019-05-19,54
2019-05-20,77.8
2019-05-21,82.2
2019-05-22,58.3
2019-05-23,27.1
2019-05-24,81.8
2019-05-25,40.9
2019-05-26,75.5
2019-05-27,88.3
2019-05-28,23.7
2019-05-29,62.5
2019-05-30,36
2019-05-31,62.9
2019-06-01,70.5
2019-06-02,49.4
2019-06-03,45.1
2019-06-04,46.4
2019-06-05,55.8
2019-06-06,51.2
2019-06-07,36.8089
2019-06-08,66.6
2019-06-09,43.2
2019-06-10,41.8
2019-06-11,56.3
2019-06-12,62.6704
2019-06-13,60.2
2019-06-14,45.6
2019-06-15,59
2019-06-16,52.7
2019-06-17,54.2341
2019-06-18,42.3
2019-06-19,35
2019-06-20,33.4
2019-06-21,44.3
2019-06-22,28.3
2019-06-23,50.5
2019-06-24,66.4
2019-06-25,59.6
2019-06-26,46.7
2019-06-27,77.7
2019-06-28,49.6
2019-06-29,43
2019-06-30,49
2019-07-01,56.8
2019-07-02,65.6
2019-07-03,76.4
2019-07-04,66.5
2019-07-05,88.3
2019-07-06,44.2
2019-07-07,45.5
2019-07-08,67.6
2019-07-09,42
2019-07-10,59.2
2019-07-11,59.8
2019-07-12,61.1
2019-07-13,54.2
2019-07-14,43.6
2019-07-15,71.9
2019-07-16,48.8
2019-07-17,50.8
2019-07-18,50.5
2019-07-19,38
2019-07-20,40.9
2019-07-21,33
2019-07-22,68.4
2019-07-23,45
2019-07-24,48.3
2019-07-25,64.5
2019-07-26,51.4
2019-07-27,39
2019-07-28,42.8
2019-07-29,57.4
2019-07-30,43.9
2019-07-31,43.5
2019-08-01,62.8
2019-08-02,53
2019-08-03,70.8
2019-08-04,47.1
2019-08-05,55
2019-08-06,66.7
2019-08-07,54.5
2019-08-08,46.3
2019-08-09,48.8
2019-08-10,41.8
2019-08-11,53.2
2019-08-12,51.1
2019-08-13,51
2019-08-14,43
2019-08-15,73.9
2019-08-16,83.2
2019-08-17,82.2
2019-08-18,78.3
2019-08-19,66.4
2019-08-20,40.3
2019-08-21,74.35
2019-08-22,60.2
2019-08-23,51.8
2019-08-24,60.2
2019-08-25,41.1
2019-08-26,88.2
2019-08-27,63
2019-08-28,56.4
2019-08-29,49.5
2019-08-30,53.9
2019-08-31,57.8
2019-09-01,60.5
2019-09-02,53.2
2019-09-03,65
2019-09-04,79
2019-09-05,45.6
2019-09-06,78
2019-09-07,54.3
2019-09-08,39.1
2019-09-09,52.8
2019-09-10,45.5
2019-09-11,71.8
2019-09-12,47.7
2019-09-13,54.1
2019-09-14,40.2
2019-09-15,46.9
2019-09-16,69.8
2019-09-17,126
2019-09-18,38
2019-09-19,45.1
2019-09-20,47.2
2019-09-21,75.6
2019-09-22,57.8
2019-09-23,72.19
2019-09-24,75.4
2019-09-25,86.97
2019-09-26,65.4
2019-09-27,64.1
2019-09-28,69.5
2019-09-29,50.3
2019-09-30,55.03
2019-10-01,56.8
2019-10-02,48.6
2019-10-03,34.6
2019-10-04,63.9
2019-10-05,65.5
2019-10-06,46.7
2019-10-07,49.8
2019-10-08,37.9
2019-10-09,67.7
2019-10-10,73.8
2019-10-11,37.2
2019-10-12,73.1
2019-10-13,66.8
2019-10-14,54.5
2019-10-15,61.4
2019-10-16,58
2019-10-17,86.3
2019-10-18,78.1
2019-10-19,49.8
2019-10-20,56.9
2019-10-21,49.3
2019-10-22,55.6
2019-10-23,66.8
2019-10-24,48
2019-10-25,49.1
2019-10-26,77.3
2019-10-27,53
2019-10-28,67.8
2019-10-29,65.9
2019-10-30,72.8
2019-10-31,76.8
2019-11-01,64.7
2019-11-02,75.9
2019-11-03,62
2019-11-04,74
2019-11-05,62.6
2019-11-06,63.3
2019-11-07,111.8
2019-11-08,67.1
2019-11-09,44.1
2019-11-10,78.4
2019-11-11,67.5
2019-11-12,53.4
2019-11-13,33.6
2019-11-14,51.4
2019-11-15,53.1
2019-11-16,63.65
2019-11-17,51.66
2019-11-18,79.3
2019-11-19,53.5
2019-11-20,71.2
2019-11-21,58.8
2019-11-22,69.1
2019-11-23,99.6
2019-11-24,60
2019-11-25,61.3
2019-11-26,50
2019-11-27,43.9
2019-11-28,56.9
2019-11-29,46.86
2019-11-30,58.8
2019-12-01,69.1
2019-12-02,61.7
2019-12-03,70.7
2019-12-04,71.3
2019-12-05,69
2019-12-06,62
2019-12-07,53
2019-12-08,75.3
2019-12-09,77.5
2019-12-10,70.5
2019-12-11,81.2
2019-12-12,91.7
2019-12-13,74.1
2019-12-14,71.7
2019-12-15,51.2
2019-12-16,60.3
2019-12-17,76.3
2019-12-18,83.5
2019-12-19,61
2019-12-20,67.1
2019-12-21,51.6
2019-12-22,64.8
2019-12-23,41
2019-12-24,69
2019-12-25,48
2019-12-26,68.9
2019-12-27,42.7
2019-12-28,52
2019-12-29,69
2019-12-30,47.1
2019-12-31,42.41
2020-01-01,76.2
2020-01-02,74.2
2020-01-03,90.7
2020-01-04,101.9
2020-01-05,58.8
2020-01-06,63.3
2020-01-07,70.7
2020-01-08,50.6
2020-01-09,70.6
2020-01-10,57.2
2020-01-11,55.2
2020-01-12,55.6
2020-01-13,103.9
2020-01-14,60.8
2020-01-15,71.1
2020-01-16,38.8
2020-01-17,39.4
2020-01-18,33.4
2020-01-19,61.2
2020-01-20,28
2020-01-21,82.9
2020-01-22,40.6
2020-01-23,88.7
2020-01-24,76.5
2020-01-25,72.8
2020-01-26,65.4
2020-01-27,78.1
2020-01-28,67.9
2020-01-29,108.8
2020-01-30,70.9
2020-01-31,41.9
2020-02-01,59.1
2020-02-02,65.2
2020-02-03,59.3
2020-02-04,54.2
2020-02-05,60.4
2020-02-06,70.3
2020-02-07,112
2020-02-08,100.1
2020-02-09,78.9
2020-02-10,121.2
2020-02-11,77.5
2020-02-12,65.2
2020-02-13,82.8
2020-02-14,64.6
2020-02-15,60.3
2020-02-16,60.7
2020-02-17,36.9
2020-02-18,54
2020-02-19,78.8
2020-02-20,65.7
2020-02-21,98.9
2020-02-22,61.2
2020-02-23,58.3
2020-02-24,69.5
2020-02-25,73.1
2020-02-26,65.5
2020-02-27,85.9
2020-02-28,80.1
2020-02-29,82.9
2020-03-01,66.6
2020-03-02,95
2020-03-03,74
2020-03-04,72.1
2020-03-05,79.1
2020-03-06,103.3
2020-03-07,99.1
2020-03-08,76.8
2020-03-09,79.9
2020-03-10,98.8
2020-03-11,85
2020-03-12,94.5
2020-03-13,94.982
2020-03-14,82.9
2020-03-15,82.9
2020-03-16,97.4
2020-03-17,110.1
2020-03-18,112.8
2020-03-19,106.1
2020-03-20,48.3
2020-03-21,52.5
2020-03-22,55.5
2020-03-23,67.5
2020-03-24,81.3
2020-03-25,73.9
2020-03-26,84.2
2020-03-27,78.3
2020-03-28,70.5
2020-03-29,61.4
2020-03-30,80.7
2020-03-31,70.7
2020-04-01,91.8
2020-04-02,58.8
2020-04-03,55.5
2020-04-04,40.2
2020-04-05,53
2020-04-06,53.1
2020-04-07,59.1
2020-04-08,55.2
2020-04-09,57.8
2020-04-10,52.9
2020-04-11,53.8
2020-04-12,41.2
2020-04-13,56.2
2020-04-14,72
2020-04-15,68.6
2020-04-16,71.3
2020-04-17,66.9
2020-04-18,55.7
2020-04-19,52.5
2020-04-20,55.49
2020-04-21,67
2020-04-22,62.8
2020-04-23,54.6
2020-04-24,55.7
2020-04-25,64.6
2020-04-26,53.2
2020-04-27,47.9
2020-04-28,64.8
2020-04-29,67
2020-04-30,64.1
2020-05-01,68.9
2020-05-02,44.5
2020-05-03,61
2020-05-04,47.4
2020-05-05,62.9
2020-05-06,65.4
2020-05-07,65
2020-05-08,50.1
2020-05-09,44.7
2020-05-10,52.8
2020-05-11,41.2
2020-05-12,78.3
2020-05-13,66.4
2020-05-14,75.4
2020-05-15,69.5
2020-05-16,94.3
2020-05-17,44.3
2020-05-18,61.1
2020-05-19,20.5
2020-05-20,55.8
2020-05-21,36.7
2020-05-22,64.5
2020-05-23,69.8
2020-05-24,52
2020-05-25,46.7
2020-05-26,37.5
2020-05-27,30.8
2020-05-28,25.7
2020-05-29,36.5
2020-05-30,26.6
2020-05-31,42.3
2020-06-01,73.6
2020-06-02,57.1
2020-06-03,15.2
2020-06-04,53.9
2020-06-05,63.4
2020-06-06,61.1
2020-06-07,63.2
2020-06-08,41.8
2020-06-09,49.32
2020-06-10,24.3
2020-06-11,64.7
2020-06-12,46.257
2020-06-13,67.2
2020-06-14,38.5
2020-06-15,55.3
2020-06-16,67.6
2020-06-17,41.3
2020-06-18,60.7
2020-06-19,61.5
2020-06-20,59.5
2020-06-21,44.1
2020-06-22,40.8
2020-06-23,37.4
2020-06-24,36.6
2020-06-25,52.8
2020-06-26,53.6
2020-06-27,75.7
2020-06-28,59.7
2020-06-29,51.2
2020-06-30,60.38
2020-07-01,79
2020-07-02,62.4
2020-07-03,74.7
2020-07-04,65.2
2020-07-05,58.6
2020-07-06,65.1
2020-07-07,44.2
2020-07-08,58.9
2020-07-09,44.7
2020-07-10,49.6
2020-07-11,52.4
2020-07-12,47.8
2020-07-13,49.9
2020-07-14,49.9
2020-07-15,62.3
2020-07-16,58.7
2020-07-17,58.2
2020-07-18,47.3
2020-07-19,42.5
2020-07-20,37.5
2020-07-21,59.1
2020-07-22,45.17
2020-07-23,43.8
2020-07-24,43.1
2020-07-25,32.7
2020-07-26,43.9
2020-07-27,62.7
2020-07-28,59
2020-07-29,44.7
2020-07-30,54.2
2020-07-31,60.3
2020-08-01,67.3
2020-08-02,52.7
2020-08-03,72.1
2020-08-04,61.6
2020-08-05,52.4
2020-08-06,56
2020-08-07,52.5
2020-08-08,44.7
2020-08-09,41.4
2020-08-10,67.8
2020-08-11,77.7
2020-08-12,75.8
2020-08-13,55.7
2020-08-14,37.48
2020-08-15,49.3
2020-08-16,54.6
2020-08-17,46.5
2020-08-18,51.8
2020-08-19,42.4
2020-08-20,76.3
2020-08-21,43.4
2020-08-22,47.7
2020-08-23,50.2
2020-08-24,47.6
2020-08-25,59.23
2020-08-26,53.2
2020-08-27,45.1
2020-08-28,52.2
2020-08-29,49.9
2020-08-30,49.1
2020-08-31,73.6
2020-09-01,70.6
2020-09-02,62.5
2020-09-03,67.7
2020-09-04,83.9
2020-09-05,61.1
2020-09-06,59.1
2020-09-07,69.3
2020-09-08,47.5
2020-09-09,67
2020-09-10,74.7
2020-09-11,89.2
2020-09-12,70.2
2020-09-13,50.3
2020-09-14,38.2
2020-09-15,70.6
2020-09-16,68.5
2020-09-17,52.1
2020-09-18,64.6
2020-09-19,68.1
2020-09-20,54.4
2020-09-21,44.9
2020-09-22,95.6
2020-09-23,82.3
2020-09-24,41.7
2020-09-25,53.4
2020-09-26,60.5
2020-09-27,45.6
2020-09-28,37.6
2020-09-29,56.9
2020-09-30,74.9
2020-10-01,65.3
2020-10-02,92.8
2020-10-03,67.5
2020-10-04,63.1
2020-10-05,58.98
2020-10-06,77.8
2020-10-07,62
2020-10-08,86
2020-10-09,66
2020-10-10,52.5
2020-10-11,63.4
2020-10-12,61.1
2020-10-13,59.77
2020-10-14,67.6
2020-10-15,76.1
2020-10-16,62.5
2020-10-17,81.3
2020-10-18,57.3
2020-10-19,32.3
2020-10-20,49.07
2020-10-21,68.8
2020-10-22,76.8
2020-10-23,55.6
2020-10-24,53.7
2020-10-25,57.33
2020-10-26,71.7
2020-10-27,81.3
2020-10-28,39.6
2020-10-29,68.7
2020-10-30,62.7
2020-10-31,48.6
2020-11-01,48.1
2020-11-02,40.4
2020-11-03,69.5
2020-11-04,50.1
2020-11-05,77.6
2020-11-06,48
2020-11-07,81.1
2020-11-08,56.7
2020-11-09,45.3
2020-11-10,70.9
2020-11-11,41.8
2020-11-12,38.7
2020-11-13,58
2020-11-14,26.5
2020-11-15,46.3
2020-11-16,54.9
2020-11-17,68.5
2020-11-18,45.2
2020-11-19,46.5
2020-11-20,56.6
2020-11-21,50
2020-11-22,51.9
2020-11-23,57.5
2020-11-24,55.4
2020-11-25,56.3
2020-11-26,45.4
2020-11-27,49.9
2020-11-28,69.1
2020-11-29,80
2020-11-30,38
2020-12-01,80.3
2020-12-02,44.27
2020-12-03,61.6
2020-12-04,55.76
2020-12-05,60.3
2020-12-06,47.6
2020-12-07,55.9
2020-12-08,52.6
2020-12-09,54.4
2020-12-10,58.9
2020-12-11,62.2
2020-12-12,56.3
2020-12-13,57.9
2020-12-14,68.5
2020-12-15,51.8
2020-12-16,61.3
2020-12-17,54.4
2020-12-18,45.8
2020-12-19,77.8
2020-12-20,46.26
2020-12-21,53.2
2020-12-22,60.7
2020-12-23,59.8
2020-12-24,69.7
2020-12-25,40.7
2020-12-26,53.77
2020-12-27,30.37
2020-12-28,65.7
2020-12-29,77.1
2020-12-30,85.8
2020-12-31,88.6
2021-01-01,49.4
2021-01-02,47.4
2021-01-03,48.7
2021-01-04,73.9
2021-01-05,76.6
2021-01-06,63.4
2021-01-07,67.8
2021-01-08,39.7
2021-01-09,57.9
2021-01-10,46.4
2021-01-11,55.9
2021-01-12,55.8
2021-01-13,73.6
2021-01-14,86.5
2021-01-15,76.1
2021-01-16,66.1
2021-01-17,55.3
2021-01-18,73.9
2021-01-19,69.5
2021-01-20,62.3
2021-01-21,68.1
2021-01-22,81.1
2021-01-23,77.7
2021-01-24,49.1
2021-01-25,51.2
2021-01-26,54.8
2021-01-27,60.8
2021-01-28,78.5
2021-01-29,65.5
2021-01-30,62.3
2021-01-31,52.7
2021-02-01,59.9
2021-02-02,65.9
2021-02-03,58.3
2021-02-04,52.9
2021-02-05,72.1
2021-02-06,101.2
2021-02-07,69.9
2021-02-08,46.9
2021-02-09,47.8
2021-02-10,82.1
2021-02-11,77.6
2021-02-12,47.9
2021-02-13,60.2
2021-02-14,45
2021-02-15,88.9
2021-02-16,87.2
2021-02-17,96.9
2021-02-18,66.3
2021-02-19,73.3
2021-02-20,85.9
2021-02-21,54.3
2021-02-22,81.8
2021-02-23,64.8
2021-02-24,54.6
2021-02-25,61.9
2021-02-26,49.1
2021-02-27,57.8
2021-02-28,64.6
2021-03-01,91.9
2021-03-02,98.24
2021-03-03,73.2
2021-03-04,74
2021-03-05,83.5
2021-03-06,63.8
2021-03-07,56.4
2021-03-08,56.4
2021-03-09,49.5
2021-03-10,48.65
2021-03-11,44.63
2021-03-12,40.7
2021-03-13,58
2021-03-14,70.7
2021-03-15,90.6
2021-03-16,98.9
2021-03-17,97.7
2021-03-18,68.6
2021-03-19,58.7
2021-03-20,46.9
2021-03-21,67.9
2021-03-22,45.7
2021-03-23,48.5
2021-03-24,88.4
2021-03-25,76.8
2021-03-26,66.9
2021-03-27,87.4
2021-03-28,73.3
2021-03-29,45.5
2021-03-30,55.9
2021-03-31,79
2021-04-01,35.7
2021-04-02,48.5
2021-04-03,70.6
2021-04-04,48.1
2021-04-05,65.27
2021-04-06,82.8
2021-04-07,51.3
2021-04-08,68.8
2021-04-09,70.5
2021-04-10,48.3
2021-04-11,61
2021-04-12,44.8
2021-04-13,62.2
2021-04-14,79.9
2021-04-15,79.4
2021-04-16,63.6
2021-04-17,46.7
2021-04-18,48.8
2021-04-19,65.7
2021-04-20,47.8
2021-04-21,49.6
2021-04-22,65.7
2021-04-23,31.9
2021-04-24,58.9
2021-04-25,54.9
2021-04-26,66.2
2021-04-27,23.2
2021-04-28,46.9
2021-04-29,70.4
2021-04-30,49.8
2021-05-01,58.7
2021-05-02,58.47
2021-05-03,82.7
2021-05-04,58.5
2021-05-05,51.6
2021-05-06,71
2021-05-07,67.31
2021-05-08,48.7
2021-05-09,49.6
2021-05-10,49.9
2021-05-11,35.3
2021-05-12,34.9
2021-05-13,64.3
2021-05-14,49.5
2021-05-15,50.5
2021-05-16,51.18
2021-05-17,48.1
2021-05-18,54.7
2021-05-19,51.1
2021-05-20,40.3
2021-05-21,43.8
2021-05-22,73.4
2021-05-23,52.1
2021-05-24,37.4
2021-05-25,53.6
2021-05-26,82.3
2021-05-27,50.4
2021-05-28,47.64
2021-05-29,30.2
2021-05-30,70.8
2021-05-31,72
2021-06-01,69.6
2021-06-02,96.8
2021-06-03,53.1
2021-06-04,93.2
2021-06-05,78.31
2021-06-06,42.1
2021-06-07,59.2
2021-06-08,58.7
2021-06-09,62.1
2021-06-10,78.5
2021-06-11,77.2
2021-06-12,55.1
2021-06-13,31.35
2021-06-14,52
2021-06-15,42.7
2021-06-16,64.9
2021-06-17,36.9
2021-06-18,40.2
2021-06-19,31.6
2021-06-20,41.7
2021-06-21,56.6
2021-06-22,45.9
2021-06-23,50.6
2021-06-24,90.8
2021-06-25,72.5
2021-06-26,50.9
2021-06-27,48.3
2021-06-28,69.7
2021-06-29,53.1
2021-06-30,63.3
2021-07-01,54.6
2021-07-02,92.9
2021-07-03,49.3
2021-07-04,51.3
2021-07-05,49.8
2021-07-06,46.5
2021-07-07,51
2021-07-08,51.1
2021-07-09,63.4
2021-07-10,64.1
2021-07-11,51.7
2021-07-12,59.3
2021-07-13,44.4
2021-07-14,42.7
2021-07-15,68.3
2021-07-16,75.7
2021-07-17,73.6
2021-07-18,68.8
2021-07-19,28.9
2021-07-20,35.7
2021-07-21,39.1
2021-07-22,31.6
2021-07-23,49.2
2021-07-24,40
2021-07-25,42.8
2021-07-26,52.8
2021-07-27,33.5
2021-07-28,59.7
2021-07-29,80
2021-07-30,62
2021-07-31,11.7
