"fecha","PM10"
2012-06-01,75.9130434782609
2012-06-02,56.9166666666667
2012-06-03,48.9166666666667
2012-06-04,60.1739130434783
2012-06-05,69.75
2012-06-06,73.3333333333333
2012-06-07,62.2222222222222
2012-06-08,53.2916666666667
2012-06-09,48.0769230769231
2012-06-10,43.1666666666667
2012-06-11,42.625
2012-06-12,64.4583333333333
2012-06-13,69.8333333333333
2012-06-14,53.5416666666667
2012-06-15,68.0416666666667
2012-06-16,62.875
2012-06-17,50.2083333333333
2012-06-18,60.6666666666667
2012-06-19,56.6521739130435
2012-06-20,52.8333333333333
2012-06-21,58.875
2012-06-22,67
2012-06-23,65.7916666666667
2012-06-24,53.7916666666667
2012-06-25,64.5833333333333
2012-06-26,72.5217391304348
2012-06-27,50
2012-06-28,38.9166666666667
2012-06-29,51.6666666666667
2012-06-30,54.5
2012-07-01,36.0769230769231
2012-07-02,41.8333333333333
2012-07-03,59.2916666666667
2012-07-04,59.5
2012-07-05,58.2916666666667
2012-07-06,57.9565217391304
2012-07-07,55.9166666666667
2012-07-08,45.2083333333333
2012-07-09,59.1304347826087
2012-07-10,60.5833333333333
2012-07-11,56.5
2012-07-12,59.2916666666667
2012-07-13,77.7692307692308
2012-07-14,71.125
2012-07-15,44.2916666666667
2012-07-16,63.2083333333333
2012-07-17,82.0416666666667
2012-07-18,60.4166666666667
2012-07-19,61.7083333333333
2012-07-20,52.4166666666667
2012-07-21,53.6666666666667
2012-07-22,53.3333333333333
2012-07-23,55.9166666666667
2012-07-24,61.4583333333333
2012-07-25,67.375
2012-07-26,70.0416666666667
2012-07-27,67.4583333333333
2012-07-28,62.75
2012-07-29,54.2916666666667
2012-07-30,63.5833333333333
2012-07-31,78.0416666666667
2012-08-01,73.4166666666667
2012-08-02,64.5833333333333
2012-08-03,65.4583333333333
2012-08-04,67.3333333333333
2012-08-05,42.75
2012-08-06,62.0833333333333
2012-08-07,48.375
2012-08-08,72.3333333333333
2012-08-09,84.375
2012-08-10,61.5416666666667
2012-08-11,60.0869565217391
2012-08-12,46.8333333333333
2012-08-13,67.3333333333333
2012-08-14,54.25
2012-08-15,63.7083333333333
2012-08-16,66.0416666666667
2012-08-17,63.8695652173913
2012-08-18,63
2012-08-19,41.3333333333333
2012-08-20,39.25
2012-08-21,68.7916666666667
2012-08-22,66.625
2012-08-23,73.4583333333333
2012-08-24,88.4583333333333
2012-08-25,86.375
2012-08-26,38.25
2012-08-27,58.625
2012-08-28,70.2083333333333
2012-08-29,81.25
2012-08-30,78.5416666666667
2012-08-31,64.0833333333333
2012-09-01,69.25
2012-09-02,56.9166666666667
2012-09-03,67.2916666666667
2012-09-04,68.4166666666667
2012-09-05,72.3181818181818
2012-09-06,72.5
2012-09-07,71.9583333333333
2012-09-08,63.7916666666667
2012-09-09,46.375
2012-09-10,51.2916666666667
2012-09-11,53.25
2012-09-12,60.625
2012-09-13,70.2916666666667
2012-09-14,79.2083333333333
2012-09-15,69
2012-09-16,54.6086956521739
2012-09-17,67.0833333333333
2012-09-18,67.1666666666667
2012-09-19,57.5
2012-09-20,70.4583333333333
2012-09-21,60.0416666666667
2012-09-22,60.3333333333333
2012-09-23,43
2012-09-24,58.9166666666667
2012-09-25,70.625
2012-09-26,81.1666666666667
2012-09-27,65.5
2012-09-28,66.25
2012-09-29,60.75
2012-09-30,43
2012-10-01,66.25
2012-10-02,67.25
2012-10-03,54.4583333333333
2012-10-04,63.3913043478261
2012-10-05,81.125
2012-10-06,81.4166666666667
2012-10-07,53.1666666666667
2012-10-08,68.6666666666667
2012-10-09,81.4583333333333
2012-10-10,58.2083333333333
2012-10-11,69.9583333333333
2012-10-12,74.4166666666667
2012-10-13,63.0833333333333
2012-10-14,64.2083333333333
2012-10-15,62.9583333333333
2012-10-16,69.2083333333333
2012-10-17,59.7083333333333
2012-10-18,63.9583333333333
2012-10-19,64.7083333333333
2012-10-20,63.3181818181818
2012-10-21,35.4782608695652
2012-10-22,47.695652173913
2012-10-23,53.0833333333333
2012-10-24,56.304347826087
2012-10-25,53.5
2012-10-26,54.25
2012-10-27,46.6666666666667
2012-10-28,49.875
2012-10-29,63.5416666666667
2012-10-30,70.9583333333333
2012-10-31,62.25
2012-11-01,65.2173913043478
2012-11-02,65.75
2012-11-03,51.9583333333333
2012-11-04,45.4583333333333
2012-11-05,41.5
2012-11-06,71.625
2012-11-07,64.0416666666667
2012-11-08,54.2916666666667
2012-11-09,71.1304347826087
2012-11-10,59.6666666666667
2012-11-11,58.5833333333333
2012-11-12,49.375
2012-11-13,72.4347826086957
2012-11-14,82.9166666666667
2012-11-15,71.625
2012-11-16,76.6666666666667
2012-11-17,63.9130434782609
2012-11-18,66.5454545454545
2012-11-19,65.4583333333333
2012-11-20,58.8333333333333
2012-11-21,71.625
2012-11-22,71.7916666666667
2012-11-23,63.5833333333333
2012-11-24,65.0416666666667
2012-11-25,57.875
2012-11-26,66.9583333333333
2012-11-27,56.5
2012-11-28,68.5217391304348
2012-11-29,60.7727272727273
2012-11-30,63.2916666666667
2012-12-01,69.7083333333333
2012-12-02,54.5217391304348
2012-12-03,52.8695652173913
2012-12-04,56.875
2012-12-05,61.25
2012-12-06,57.7083333333333
2012-12-07,57.9583333333333
2012-12-08,51.125
2012-12-09,57.25
2012-12-10,54.7916666666667
2012-12-11,75.4166666666667
2012-12-12,68.4583333333333
2012-12-13,59.0833333333333
2012-12-14,59.7916666666667
2012-12-15,59.9583333333333
2012-12-16,52.5416666666667
2012-12-17,62.5833333333333
2012-12-18,69.8636363636364
2012-12-19,70.0416666666667
2012-12-20,75.8333333333333
2012-12-21,48.375
2012-12-22,52.8333333333333
2012-12-23,43.625
2012-12-24,58.0416666666667
2012-12-25,60.75
2012-12-26,45.5
2012-12-27,46.5833333333333
2012-12-28,49.4583333333333
2012-12-29,50.875
2012-12-30,50.9583333333333
2012-12-31,50.9583333333333
2013-01-01,62.125
2013-01-02,49.4166666666667
2013-01-03,59.25
2013-01-04,51.8333333333333
2013-01-05,52.4166666666667
2013-01-06,48.8333333333333
2013-01-07,43.8333333333333
2013-01-08,64
2013-01-09,57.4583333333333
2013-01-10,58.7083333333333
2013-01-11,63.0833333333333
2013-01-12,70.5
2013-01-13,63.875
2013-01-14,66.4166666666667
2013-01-15,66
2013-01-16,70.0416666666667
2013-01-17,66.875
2013-01-18,68
2013-01-19,62.375
2013-01-20,55.75
2013-01-21,72.5416666666667
2013-01-22,71.2916666666667
2013-01-23,62.0833333333333
2013-01-24,64.4583333333333
2013-01-25,67.125
2013-01-26,75.875
2013-01-27,59.5714285714286
2013-01-28,59.9583333333333
2013-01-29,68.1666666666667
2013-01-30,67.9166666666667
2013-01-31,70.0416666666667
2013-02-01,78.4166666666667
2013-02-02,65.6666666666667
2013-02-03,65.695652173913
2013-02-04,75.25
2013-02-05,80.25
2013-02-06,81.0833333333333
2013-02-07,71.125
2013-02-08,63
2013-02-09,58.875
2013-02-10,39.5
2013-02-11,63.0833333333333
2013-02-12,66.4583333333333
2013-02-13,73.0869565217391
2013-02-14,84.9583333333333
2013-02-15,83.7916666666667
2013-02-16,85.8333333333333
2013-02-17,75.3333333333333
2013-02-18,75.9166666666667
2013-02-19,70.5
2013-02-20,62.0833333333333
2013-02-21,76.375
2013-02-22,59.875
2013-02-23,70.875
2013-02-24,48.25
2013-02-25,75.3478260869565
2013-02-26,80.7083333333333
2013-02-27,62.25
2013-02-28,64.7083333333333
2013-03-01,63.3333333333333
2013-03-02,57.9583333333333
2013-03-03,50.25
2013-03-04,57.625
2013-03-05,63.5416666666667
2013-03-06,72.3333333333333
2013-03-07,77
2013-03-08,68.9583333333333
2013-03-09,81.3333333333333
2013-03-10,56.375
2013-03-11,71.125
2013-03-12,70.0833333333333
2013-03-13,75.6666666666667
2013-03-14,98.75
2013-03-15,80.8333333333333
2013-03-16,60.7083333333333
2013-03-17,58.9166666666667
2013-03-18,70.2173913043478
2013-03-19,79.5416666666667
2013-03-20,85.8333333333333
2013-03-21,66.4583333333333
2013-03-22,95.9565217391304
2013-03-23,79.375
2013-03-24,68.5
2013-03-25,62.2916666666667
2013-03-26,70.2083333333333
2013-03-27,87
2013-03-28,66.1666666666667
2013-03-29,45.375
2013-03-30,45.625
2013-03-31,42.5714285714286
2013-04-01,60.0833333333333
2013-04-02,82.5416666666667
2013-04-03,74.9583333333333
2013-04-04,75.375
2013-04-05,95.75
2013-04-06,88.0833333333333
2013-04-07,60.1304347826087
2013-04-08,102
2013-04-09,99.3333333333333
2013-04-10,89.75
2013-04-11,89.0416666666667
2013-04-12,102.842105263158
2013-04-13,81.6666666666667
2013-04-14,68.6153846153846
2013-04-15,76.625
2013-04-16,74.5833333333333
2013-04-17,74.7826086956522
2013-04-18,74.75
2013-04-19,111.75
2013-04-20,69.3571428571429
2013-04-21,50
2013-04-22,69.7916666666667
2013-04-23,70.7826086956522
2013-04-24,70.6818181818182
2013-04-25,66.5
2013-04-26,60.875
2013-04-27,61.7083333333333
2013-04-28,52.0416666666667
2013-04-29,67.7083333333333
2013-04-30,86.7916666666667
2013-05-01,60.6818181818182
2013-05-02,78.3913043478261
2013-05-03,69.8333333333333
2013-05-04,75.5652173913043
2013-05-05,39
2013-05-06,59.0416666666667
2013-05-07,68.0416666666667
2013-05-08,78.625
2013-05-09,86.5416666666667
2013-05-10,73.0833333333333
2013-05-11,58.2666666666667
2013-05-12,46.2916666666667
2013-05-13,46.95
2013-05-14,72.5
2013-05-15,71.4347826086957
2013-05-16,82.25
2013-05-17,98.55
2013-05-18,101.3125
2013-05-19,68.4
2013-05-20,72.25
2013-05-21,87.6818181818182
2013-05-22,89.695652173913
2013-05-23,64.5909090909091
2013-05-24,77.3888888888889
2013-05-25,75.3636363636364
2013-05-26,57.2352941176471
2013-05-27,83.625
2013-05-28,73.1666666666667
2013-05-29,76.7916666666667
2013-05-30,63.7391304347826
2013-05-31,47.7916666666667
2013-06-01,46.6875
2013-06-02,44.2916666666667
2013-06-03,38.0555555555556
2013-06-04,49.0416666666667
2013-06-05,82.1666666666667
2013-06-06,65.2916666666667
2013-06-07,47.7391304347826
2013-06-08,49.8
2013-06-09,36.5
2013-06-10,35.5555555555556
2013-06-11,64
2013-06-12,52.8421052631579
2013-06-13,47.4375
2013-06-14,50.4545454545455
2013-06-15,68.7142857142857
2013-06-16,34.75
2013-06-17,46.6470588235294
2013-06-18,54.6315789473684
2013-06-19,61.3333333333333
2013-06-20,59.0588235294118
2013-06-21,50.1176470588235
2013-06-22,55.8235294117647
2013-06-23,55.5
2013-06-24,64.9583333333333
2013-06-25,61.4166666666667
2013-06-26,81.1428571428571
2013-06-27,69.5416666666667
2013-06-28,67.7916666666667
2013-06-29,65
2013-06-30,42.875
2013-07-01,35.8333333333333
2013-07-02,60.2380952380952
2013-07-03,59.9583333333333
2013-07-04,95.125
2013-07-05,76.125
2013-07-06,69.7222222222222
2013-07-07,49.1818181818182
2013-07-08,46.375
2013-07-09,55.7083333333333
2013-07-10,67.2608695652174
2013-07-11,55.25
2013-07-12,58.4583333333333
2013-07-13,68.7916666666667
2013-07-14,53.3333333333333
2013-07-15,69.375
2013-07-16,57.4782608695652
2013-07-17,48.4375
2013-07-18,55.75
2013-07-19,45.6086956521739
2013-07-20,38
2013-07-21,36.2631578947368
2013-07-22,43.3913043478261
2013-07-23,44
2013-07-24,62.5714285714286
2013-07-25,48.875
2013-07-26,63.125
2013-07-27,48.5
2013-07-28,37.5833333333333
2013-07-29,53.6086956521739
2013-07-30,54.125
2013-07-31,53.8333333333333
2013-08-01,49.0416666666667
2013-08-02,41.6666666666667
2013-08-03,46.8333333333333
2013-08-04,45.3333333333333
2013-08-05,42.0416666666667
2013-08-06,61
2013-08-07,59.5416666666667
2013-08-08,50.2083333333333
2013-08-09,52.875
2013-08-10,59.3636363636364
2013-08-11,45.4
2013-08-12,51
2013-08-13,57.1739130434783
2013-08-14,48.304347826087
2013-08-15,59.3333333333333
2013-08-16,69.625
2013-08-17,47.5714285714286
2013-08-18,36.15
2013-08-19,34.0416666666667
2013-08-20,51.125
2013-08-21,53.5416666666667
2013-08-22,56.9565217391304
2013-08-23,56.6666666666667
2013-08-24,45.6666666666667
2013-08-25,38.2380952380952
2013-08-26,46.5833333333333
2013-08-27,53.0833333333333
2013-08-28,57.9047619047619
2013-08-29,58.8636363636364
2013-08-30,56.9130434782609
2013-08-31,64.0833333333333
2013-09-01,37.6666666666667
2013-09-02,42.7083333333333
2013-09-03,51.125
2013-09-04,69.7083333333333
2013-09-05,71.3333333333333
2013-09-06,72
2013-09-07,62.125
2013-09-08,43
2013-09-09,45.9583333333333
2013-09-10,50.2916666666667
2013-09-11,55.375
2013-09-12,59.2083333333333
2013-09-13,64.5416666666667
2013-09-14,62.4090909090909
2013-09-15,42.1666666666667
2013-09-16,44.375
2013-09-17,53.5
2013-09-18,50.75
2013-09-19,50.6666666666667
2013-09-20,55
2013-09-21,53.9583333333333
2013-09-22,44.0833333333333
2013-09-23,62.2083333333333
2013-09-24,62.6666666666667
2013-09-25,67.0416666666667
2013-09-26,88.1818181818182
2013-09-27,89.5416666666667
2013-09-28,52.8333333333333
2013-09-29,46.875
2013-09-30,53.9583333333333
2013-10-01,62.75
2013-10-02,57.8695652173913
2013-10-03,75.9166666666667
2013-10-04,50.2083333333333
2013-10-05,50.8333333333333
2013-10-06,45.4583333333333
2013-10-07,51.875
2013-10-08,52.304347826087
2013-10-09,55.5
2013-10-10,48.9583333333333
2013-10-11,55.3333333333333
2013-10-12,51.5217391304348
2013-10-13,43.1666666666667
2013-10-14,39.6666666666667
2013-10-15,62.1363636363636
2013-10-16,50.9166666666667
2013-10-17,51.7916666666667
2013-10-18,72.2083333333333
2013-10-19,64.7083333333333
2013-10-20,42.6521739130435
2013-10-21,50.2916666666667
2013-10-22,51.8333333333333
2013-10-23,64.5
2013-10-24,70.4166666666667
2013-10-25,70
2013-10-26,67.4782608695652
2013-10-27,40.0416666666667
2013-10-28,57.625
2013-10-29,68.5416666666667
2013-10-30,66.9583333333333
2013-10-31,51.7083333333333
2013-11-01,40.0833333333333
2013-11-02,36.375
2013-11-03,26.6666666666667
2013-11-04,31.9583333333333
2013-11-05,45.4583333333333
2013-11-06,54.2916666666667
2013-11-07,53.1666666666667
2013-11-08,64.7391304347826
2013-11-09,56.8695652173913
2013-11-10,43.75
2013-11-11,49.0833333333333
2013-11-12,51.8333333333333
2013-11-13,60.8260869565217
2013-11-14,46.8333333333333
2013-11-15,54.3333333333333
2013-11-16,53.9166666666667
2013-11-17,43.7391304347826
2013-11-18,58.4583333333333
2013-11-19,37.2272727272727
2013-11-20,58.25
2013-11-21,72.75
2013-11-22,71.0833333333333
2013-11-23,65.3333333333333
2013-11-24,51.0833333333333
2013-11-25,64.9473684210526
2013-11-26,56.75
2013-11-27,67.5833333333333
2013-11-28,51
2013-11-29,56.7916666666667
2013-11-30,61.2272727272727
2013-12-01,51.375
2013-12-02,50.0833333333333
2013-12-03,48.9583333333333
2013-12-04,61.0833333333333
2013-12-05,61.3333333333333
2013-12-06,72.0416666666667
2013-12-07,56.3333333333333
2013-12-08,54.125
2013-12-09,71.3333333333333
2013-12-10,65.4583333333333
2013-12-11,45.3333333333333
2013-12-12,59.4583333333333
2013-12-13,66.7083333333333
2013-12-14,60
2013-12-15,42.5
2013-12-16,52.4545454545455
2013-12-17,75.8333333333333
2013-12-18,81.375
2013-12-19,89.7916666666667
2013-12-20,73.5833333333333
2013-12-21,59.7083333333333
2013-12-22,51.375
2013-12-23,60.625
2013-12-24,58.7083333333333
2013-12-25,55.1666666666667
2013-12-26,61.7916666666667
2013-12-27,65.3333333333333
2013-12-28,65.8333333333333
2013-12-29,50.7916666666667
2013-12-30,58.9583333333333
2013-12-31,67.7916666666667
2014-01-01,67
2014-01-02,56.5416666666667
2014-01-03,61.75
2014-01-04,52.5833333333333
2014-01-05,57.75
2014-01-06,51.7391304347826
2014-01-07,60.4166666666667
2014-01-08,72.3333333333333
2014-01-09,70.2916666666667
2014-01-10,74.8333333333333
2014-01-11,67.1818181818182
2014-01-12,59
2014-01-13,68.5
2014-01-14,61.4
2014-01-15,60.5416666666667
2014-01-16,60.7391304347826
2014-01-17,72.7083333333333
2014-01-18,60.4583333333333
2014-01-19,46.0833333333333
2014-01-20,52.25
2014-01-21,71.875
2014-01-22,71.1666666666667
2014-01-23,53.5833333333333
2014-01-24,66.5416666666667
2014-01-25,63
2014-01-26,46.375
2014-01-27,67.0416666666667
2014-01-28,78.2916666666667
2014-01-29,77.4583333333333
2014-01-30,79.8333333333333
2014-01-31,66.8333333333333
2014-02-01,57.9583333333333
2014-02-02,50.625
2014-02-03,62.9583333333333
2014-02-04,66.3333333333333
2014-02-05,74.25
2014-02-06,63.0416666666667
2014-02-07,63.2083333333333
2014-02-08,62.9583333333333
2014-02-09,55.7916666666667
2014-02-10,61.2083333333333
2014-02-11,82.5217391304348
2014-02-12,75.2083333333333
2014-02-13,76.5
2014-02-14,92.3181818181818
2014-02-15,74.25
2014-02-16,57.25
2014-02-17,86.1666666666667
2014-02-18,102.125
2014-02-19,129.25
2014-02-20,92.5416666666667
2014-02-21,104.583333333333
2014-02-22,74.6666666666667
2014-02-23,73.4166666666667
2014-02-24,89.2083333333333
2014-02-25,75.4166666666667
2014-02-26,79
2014-02-27,65.15
2014-02-28,71.8260869565217
2014-03-01,62.0416666666667
2014-03-02,50.1304347826087
2014-03-03,55.0434782608696
2014-03-04,60.7826086956522
2014-03-05,69.625
2014-03-06,82.7272727272727
2014-03-07,101.791666666667
2014-03-08,66.4545454545455
2014-03-09,61.4166666666667
2014-03-10,64.1875
2014-03-11,61.125
2014-03-12,79.125
2014-03-13,92.2916666666667
2014-03-14,103.125
2014-03-15,86.4166666666667
2014-03-16,72.5833333333333
2014-03-17,96.8
2014-03-18,93.1666666666667
2014-03-19,81
2014-03-20,76.7857142857143
2014-03-21,71.7083333333333
2014-03-22,60.25
2014-03-23,52.1666666666667
2014-03-24,45.1666666666667
2014-03-25,58.2916666666667
2014-03-26,63.5833333333333
2014-03-27,59.0833333333333
2014-03-28,69.4166666666667
2014-03-29,78.9583333333333
2014-03-30,77.2916666666667
2014-03-31,85
2014-04-01,85.7083333333333
2014-04-02,87.5833333333333
2014-04-03,83.0833333333333
2014-04-04,72.0416666666667
2014-04-05,57.7083333333333
2014-04-06,37.0833333333333
2014-04-07,40.5833333333333
2014-04-08,46.875
2014-04-09,54.1666666666667
2014-04-10,58
2014-04-11,72.3333333333333
2014-04-12,76.0434782608696
2014-04-13,54.25
2014-04-14,63.4090909090909
2014-04-15,64.5
2014-04-16,63.2608695652174
2014-04-17,42.2083333333333
2014-04-18,31.1666666666667
2014-04-19,36.0416666666667
2014-04-20,36.625
2014-04-21,57.4090909090909
2014-04-22,47.2916666666667
2014-04-23,50.6818181818182
2014-04-24,49.9166666666667
2014-04-25,66.0833333333333
2014-04-26,49.3333333333333
2014-04-27,61.375
2014-04-28,57.1666666666667
2014-04-29,62.5
2014-04-30,65.25
2014-05-01,57.2083333333333
2014-05-02,70.1666666666667
2014-05-03,53.6666666666667
2014-05-04,40.4583333333333
2014-05-05,60.4166666666667
2014-05-06,69.1111111111111
2014-05-07,80.7272727272727
2014-05-08,78.304347826087
2014-05-09,49.625
2014-05-10,44.3684210526316
2014-05-11,28.3913043478261
2014-05-12,31.0833333333333
2014-05-13,38.7826086956522
2014-05-14,53.2
2014-05-15,49.0869565217391
2014-05-16,45.25
2014-05-17,58.0833333333333
2014-05-18,47.25
2014-05-19,58.2083333333333
2014-05-20,56.2083333333333
2014-05-21,61.9583333333333
2014-05-22,61.8333333333333
2014-05-23,62.5
2014-05-24,66.125
2014-05-25,45.0416666666667
2014-05-26,58.5833333333333
2014-05-27,52.4583333333333
2014-05-28,56.6666666666667
2014-05-29,57.25
2014-05-30,67.5652173913043
2014-05-31,40.2857142857143
2014-06-01,38.4166666666667
2014-06-02,39.7391304347826
2014-06-03,52.2380952380952
2014-06-04,46.875
2014-06-05,44.5833333333333
2014-06-06,54.125
2014-06-07,41.9130434782609
2014-06-08,38.5833333333333
2014-06-09,49
2014-06-10,49.2608695652174
2014-06-11,42.5
2014-06-12,54.1666666666667
2014-06-13,61.15
2014-06-14,42.1
2014-06-15,31.4090909090909
2014-06-16,40.6086956521739
2014-06-17,51.695652173913
2014-06-18,51.7083333333333
2014-06-19,56.9583333333333
2014-06-20,55.25
2014-06-21,49.2272727272727
2014-06-22,32.8636363636364
2014-06-23,34.2916666666667
2014-06-24,45.7826086956522
2014-06-25,52.05
2014-06-26,68.4347826086957
2014-06-27,111.958333333333
2014-06-28,94.0869565217391
2014-06-29,45.3636363636364
2014-06-30,39.7826086956522
2014-07-01,54.9565217391304
2014-07-02,49.625
2014-07-03,50.375
2014-07-04,49.304347826087
2014-07-05,41.9583333333333
2014-07-06,34.5416666666667
2014-07-07,46.3333333333333
2014-07-08,49.3333333333333
2014-07-09,44.6666666666667
2014-07-10,47.25
2014-07-11,65.9
2014-07-12,42.8333333333333
2014-07-13,34.7916666666667
2014-07-14,56.125
2014-07-15,57.7142857142857
2014-07-16,66.125
2014-07-17,59.5882352941176
2014-07-18,57.1818181818182
2014-07-19,47.0416666666667
2014-07-20,44.375
2014-07-21,56.7916666666667
2014-07-22,56.9166666666667
2014-07-23,55.2916666666667
2014-07-24,59.5833333333333
2014-07-25,74.9090909090909
2014-07-26,51.625
2014-07-27,36.75
2014-07-28,42.2857142857143
2014-07-29,45
2014-07-30,50.7826086956522
2014-07-31,54.2916666666667
2014-08-01,60.6
2014-08-02,55.7916666666667
2014-08-03,37.2083333333333
2014-08-04,38.3
2014-08-05,44.5833333333333
2014-08-06,49.6666666666667
2014-08-07,35.5
2014-08-08,46.25
2014-08-09,42.0833333333333
2014-08-10,31.1666666666667
2014-08-11,50.25
2014-08-12,58.4347826086956
2014-08-13,49
2014-08-14,53.875
2014-08-15,54.3913043478261
2014-08-16,50.875
2014-08-17,44.25
2014-08-18,40
2014-08-19,61.7083333333333
2014-08-20,67.6666666666667
2014-08-21,60.2727272727273
2014-08-22,61.5416666666667
2014-08-23,50.2083333333333
2014-08-24,42.5416666666667
2014-08-25,46
2014-08-26,54.5
2014-08-27,55.7916666666667
2014-08-28,54.4166666666667
2014-08-29,45.75
2014-08-30,50.8333333333333
2014-08-31,47.5
2014-09-01,60.5
2014-09-02,71.3333333333333
2014-09-03,60.5416666666667
2014-09-04,57.9583333333333
2014-09-05,47.5833333333333
2014-09-06,47.25
2014-09-07,37.125
2014-09-08,51.3809523809524
2014-09-09,52.3333333333333
2014-09-10,57.8333333333333
2014-09-11,47.4166666666667
2014-09-12,60.3157894736842
2014-09-13,48.375
2014-09-14,48.3333333333333
2014-09-15,50.2777777777778
2014-09-16,49.7142857142857
2014-09-17,58.5416666666667
2014-09-18,69.0833333333333
2014-09-19,71.8333333333333
2014-09-20,51.625
2014-09-21,59.875
2014-09-22,66.125
2014-09-23,66.4583333333333
2014-09-24,55.5833333333333
2014-09-25,56.9583333333333
2014-09-26,58.5
2014-09-27,64.3333333333333
2014-09-28,60.304347826087
2014-09-29,59.6666666666667
2014-09-30,62.1666666666667
2014-10-01,63.9473684210526
2014-10-02,52
2014-10-03,58.7916666666667
2014-10-04,52.75
2014-10-05,44.4583333333333
2014-10-06,52.3333333333333
2014-10-07,62.5833333333333
2014-10-08,69.9166666666667
2014-10-09,49.0833333333333
2014-10-10,67.1739130434783
2014-10-11,74.2608695652174
2014-10-12,63.5
2014-10-13,56.2916666666667
2014-10-14,81.1666666666667
2014-10-15,87.1176470588235
2014-10-16,65.5
2014-10-17,62.304347826087
2014-10-18,58
2014-10-19,56.1666666666667
2014-10-20,65.1739130434783
2014-10-21,79.4615384615385
2014-10-22,51.625
2014-10-23,54.25
2014-10-24,51.5833333333333
2014-10-25,52.75
2014-10-26,46.25
2014-10-27,46.7083333333333
2014-10-28,44.5652173913044
2014-10-29,58.9166666666667
2014-10-30,88.75
2014-10-31,69.6666666666667
2014-11-01,55.25
2014-11-02,40.0833333333333
2014-11-03,42.7083333333333
2014-11-04,66.5416666666667
2014-11-05,73.5
2014-11-06,72.0833333333333
2014-11-07,63
2014-11-08,73.4583333333333
2014-11-09,68.7916666666667
2014-11-10,61.8333333333333
2014-11-11,57.0833333333333
2014-11-12,64.75
2014-11-13,58.4583333333333
2014-11-14,63.2916666666667
2014-11-15,55.9166666666667
2014-11-16,46.5416666666667
2014-11-17,45.9166666666667
2014-11-18,60.1666666666667
2014-11-19,64.125
2014-11-20,55.9166666666667
2014-11-21,62.2173913043478
2014-11-22,52.875
2014-11-23,41.375
2014-11-24,53.375
2014-11-25,58.5217391304348
2014-11-26,60
2014-11-27,60.4166666666667
2014-11-28,56.5416666666667
2014-11-29,62.375
2014-11-30,45.4166666666667
2014-12-01,60.0416666666667
2014-12-02,78.7916666666667
2014-12-03,79.625
2014-12-04,92.2916666666667
2014-12-05,71.5416666666667
2014-12-06,62
2014-12-07,48.0434782608696
2014-12-08,63.1666666666667
2014-12-09,79.125
2014-12-10,67.4583333333333
2014-12-11,62.7916666666667
2014-12-12,65.5238095238095
2014-12-13,63.1666666666667
2014-12-14,45.75
2014-12-15,57.6666666666667
2014-12-16,50.7916666666667
2014-12-17,57.1739130434783
2014-12-18,75.5
2014-12-19,87
2014-12-20,89.4166666666667
2014-12-21,74.5217391304348
2014-12-22,64.6363636363636
2014-12-23,72.2916666666667
2014-12-24,63.1666666666667
2014-12-25,67.5416666666667
2014-12-26,58.1818181818182
2014-12-27,62.875
2014-12-28,53.3333333333333
2014-12-29,63.4583333333333
2014-12-30,63.4166666666667
2014-12-31,50.875
2015-01-01,58.9166666666667
2015-01-02,48.1666666666667
2015-01-03,46.6666666666667
2015-01-04,45.75
2015-01-05,55.8333333333333
2015-01-06,64.5416666666667
2015-01-07,66.625
2015-01-08,65.5
2015-01-09,61.35
2015-01-10,49.304347826087
2015-01-11,43.6666666666667
2015-01-12,40.9166666666667
2015-01-13,51.2173913043478
2015-01-14,63.0416666666667
2015-01-15,56.0833333333333
2015-01-16,61.5833333333333
2015-01-17,57.2916666666667
2015-01-18,46.4583333333333
2015-01-19,48.8260869565217
2015-01-20,57
2015-01-21,52.7083333333333
2015-01-22,45.9166666666667
2015-01-23,45.2916666666667
2015-01-24,48.1666666666667
2015-01-25,33.3333333333333
2015-01-26,58.125
2015-01-27,64.5833333333333
2015-01-28,60.7916666666667
2015-01-29,53.2173913043478
2015-01-30,58.6923076923077
2015-01-31,50.375
2015-02-01,36.25
2015-02-02,50.9166666666667
2015-02-03,47.9583333333333
2015-02-04,53.0416666666667
2015-02-05,71
2015-02-06,55.9166666666667
2015-02-07,65.1
2015-02-08,58.5454545454545
2015-02-09,54.4705882352941
2015-02-10,49.75
2015-02-11,53.25
2015-02-12,53.7083333333333
2015-02-13,52.1666666666667
2015-02-14,49.9130434782609
2015-02-15,43.9583333333333
2015-02-16,54.9583333333333
2015-02-17,67.75
2015-02-18,72.3478260869565
2015-02-19,72.2
2015-02-20,63.0909090909091
2015-02-21,72.2272727272727
2015-02-22,50.3478260869565
2015-02-23,74.7142857142857
2015-02-24,88.3181818181818
2015-02-25,76.8636363636364
2015-02-26,89.9090909090909
2015-02-27,71
2015-02-28,64.875
2015-03-01,51.8333333333333
2015-03-02,55.5833333333333
2015-03-03,75.8
2015-03-04,87.5416666666667
2015-03-05,94.125
2015-03-06,89.4166666666667
2015-03-07,82.8260869565217
2015-03-08,60.7083333333333
2015-03-09,54
2015-03-10,58.9166666666667
2015-03-11,61.375
2015-03-12,66.7083333333333
2015-03-13,88.0416666666667
2015-03-14,106.15
2015-03-15,93.625
2015-03-16,97.5416666666667
2015-03-17,102.125
2015-03-18,105.333333333333
2015-03-19,61.875
2015-03-20,79.1666666666667
2015-03-21,62.9166666666667
2015-03-22,56.125
2015-03-23,59.75
2015-03-24,77.5416666666667
2015-03-25,98.1666666666667
2015-03-26,103.708333333333
2015-03-27,102.208333333333
2015-03-28,102.083333333333
2015-03-29,76.125
2015-03-30,73.875
2015-03-31,70.6666666666667
2015-04-01,70.6666666666667
2015-04-02,66.6818181818182
2015-04-03,49.7391304347826
2015-04-04,58.1666666666667
2015-04-05,53.4166666666667
2015-04-06,54.2608695652174
2015-04-07,60.625
2015-04-08,52.125
2015-04-09,73.0434782608696
2015-04-10,75.6363636363636
2015-04-11,55.0416666666667
2015-04-12,58.6666666666667
2015-04-13,58.6363636363636
2015-04-14,59.5833333333333
2015-04-15,58.9166666666667
2015-04-16,61
2015-04-17,87.125
2015-04-18,69.9583333333333
2015-04-19,62.5454545454545
2015-04-20,60.4166666666667
2015-04-21,60.9166666666667
2015-04-22,60.5
2015-04-23,70.375
2015-04-24,62.25
2015-04-25,57.25
2015-04-26,53.625
2015-04-27,55.2173913043478
2015-04-28,56.125
2015-04-29,65
2015-04-30,64
2015-05-01,53
2015-05-02,51.625
2015-05-03,53.875
2015-05-04,51.875
2015-05-05,71.3333333333333
2015-05-06,82.9583333333333
2015-05-07,62.4090909090909
2015-05-08,54
2015-05-09,53.875
2015-05-10,44.625
2015-05-11,65.4166666666667
2015-05-12,66.1428571428571
2015-05-13,68.6923076923077
2015-05-14,70.4583333333333
2015-05-15,56.7916666666667
2015-05-16,44.875
2015-05-17,36.1666666666667
2015-05-18,33.8333333333333
2015-05-19,47.3333333333333
2015-05-20,55.3333333333333
2015-05-21,49.4347826086956
2015-05-22,64.7391304347826
2015-05-23,59.5833333333333
2015-05-24,41.625
2015-05-25,58.125
2015-05-26,76.375
2015-05-27,90.5833333333333
2015-05-28,81.8333333333333
2015-05-29,69.7083333333333
2015-05-30,65.6
2015-05-31,43.7916666666667
2015-06-01,48.2916666666667
2015-06-02,63.875
2015-06-03,55.0869565217391
2015-06-04,52.9166666666667
2015-06-05,63.6666666666667
2015-06-06,57.7083333333333
2015-06-07,51.7083333333333
2015-06-08,48.0416666666667
2015-06-09,56.1666666666667
2015-06-10,56.4166666666667
2015-06-11,54.9583333333333
2015-06-12,63.4583333333333
2015-06-13,55.875
2015-06-14,43.875
2015-06-15,46.4583333333333
2015-06-16,57.5
2015-06-17,67.5416666666667
2015-06-18,72.5882352941177
2015-06-19,47.5416666666667
2015-06-20,75.5416666666667
2015-06-21,46.875
2015-06-22,55.0416666666667
2015-06-23,58.5
2015-06-24,63.5217391304348
2015-06-25,64.25
2015-06-26,53.5
2015-06-27,60.75
2015-06-28,48.6666666666667
2015-06-29,51.4583333333333
2015-06-30,67.2916666666667
2015-07-01,68.9565217391304
2015-07-02,74.2083333333333
2015-07-03,77.875
2015-07-04,91.875
2015-07-05,54.875
2015-07-06,55.9090909090909
2015-07-07,63.7916666666667
2015-07-08,49.7083333333333
2015-07-09,50.125
2015-07-10,54.625
2015-07-11,39.625
2015-07-12,37.6666666666667
2015-07-13,48.8333333333333
2015-07-14,45.375
2015-07-15,47.4583333333333
2015-07-16,52.75
2015-07-17,49.9130434782609
2015-07-18,47.25
2015-07-19,34.3333333333333
2015-07-20,36.4166666666667
2015-07-21,47.2916666666667
2015-07-22,59.875
2015-07-23,50.6666666666667
2015-07-24,55.875
2015-07-25,49.6666666666667
2015-07-26,57.625
2015-07-27,47.2083333333333
2015-07-28,53.2916666666667
2015-07-29,43.0909090909091
2015-07-30,45.7916666666667
2015-07-31,51.25
2015-08-01,44.2916666666667
2015-08-02,38.7916666666667
2015-08-03,42.8333333333333
2015-08-04,67.75
2015-08-05,66.7916666666667
2015-08-06,65.7083333333333
2015-08-07,60.0416666666667
2015-08-08,48.5833333333333
2015-08-09,44.0416666666667
2015-08-10,46.9166666666667
2015-08-11,42
2015-08-12,76.4
2015-08-13,57.25
2015-08-14,65.0769230769231
2015-08-15,51.1739130434783
2015-08-16,38
2015-08-17,33.5416666666667
2015-08-18,36.8181818181818
2015-08-19,48.2083333333333
2015-08-20,49
2015-08-21,51.5
2015-08-22,61.7083333333333
2015-08-23,43.0416666666667
2015-08-24,53.0416666666667
2015-08-25,63.375
2015-08-26,60.7916666666667
2015-08-27,45.8333333333333
2015-08-28,47.3333333333333
2015-08-29,55.6666666666667
2015-08-30,58.9583333333333
2015-08-31,53.625
2015-09-01,51.5652173913044
2015-09-02,55.375
2015-09-03,59.7826086956522
2015-09-04,53.8333333333333
2015-09-05,54.6666666666667
2015-09-06,41.1428571428571
2015-09-07,48.4166666666667
2015-09-08,43.75
2015-09-09,55.2916666666667
2015-09-10,56.695652173913
2015-09-11,50.9583333333333
2015-09-12,47.7391304347826
2015-09-13,44.6842105263158
2015-09-14,53.0833333333333
2015-09-15,49.2857142857143
2015-09-16,67.3333333333333
2015-09-17,44.5
2015-09-18,64.6086956521739
2015-09-19,74.5
2015-09-20,43.75
2015-09-21,67.5217391304348
2015-09-22,53.0833333333333
2015-09-23,61.625
2015-09-24,46.625
2015-09-25,63.0555555555556
2015-09-26,48.7272727272727
2015-09-27,39.5
2015-09-28,54
2015-09-29,56.8260869565217
2015-09-30,48.375
2015-10-01,59.625
2015-10-02,53.6666666666667
2015-10-03,55.4166666666667
2015-10-04,37.0833333333333
2015-10-05,38
2015-10-06,43.4583333333333
2015-10-07,45.9565217391304
2015-10-08,43.2916666666667
2015-10-09,47.0416666666667
2015-10-10,56.5
2015-10-11,49.6666666666667
2015-10-12,46.25
2015-10-13,49.9583333333333
2015-10-14,42.9166666666667
2015-10-15,61.6666666666667
2015-10-16,56.3333333333333
2015-10-17,46.875
2015-10-18,42.4583333333333
2015-10-19,52.6666666666667
2015-10-20,61.9583333333333
2015-10-21,75.7083333333333
2015-10-22,51.4583333333333
2015-10-23,63.5
2015-10-24,63.5454545454545
2015-10-25,45.5416666666667
2015-10-26,62
2015-10-27,66.875
2015-10-28,72
2015-10-29,53.4583333333333
2015-10-30,62.9583333333333
2015-10-31,57.8260869565217
2015-11-01,39.2916666666667
2015-11-02,40.2857142857143
2015-11-03,59.5416666666667
2015-11-04,52.9583333333333
2015-11-05,59.875
2015-11-06,46
2015-11-07,45.4583333333333
2015-11-08,48.4583333333333
2015-11-09,53.6666666666667
2015-11-10,45.75
2015-11-11,63.625
2015-11-12,68.75
2015-11-13,51.1666666666667
2015-11-14,45.7916666666667
2015-11-15,40.25
2015-11-16,43.9583333333333
2015-11-17,63.0833333333333
2015-11-18,53.25
2015-11-19,57.5416666666667
2015-11-20,67.4166666666667
2015-11-21,49.2083333333333
2015-11-22,35.4166666666667
2015-11-23,46
2015-11-24,59.75
2015-11-25,50.7
2015-11-26,55.125
2015-11-27,55.2083333333333
2015-11-28,55.2083333333333
2015-11-29,46.375
2015-11-30,54.625
2015-12-01,50
2015-12-02,52.5416666666667
2015-12-03,65.2222222222222
2015-12-04,48.375
2015-12-05,44.25
2015-12-06,40.5833333333333
2015-12-07,55.9583333333333
2015-12-08,50
2015-12-09,58.1818181818182
2015-12-10,59.5833333333333
2015-12-11,60.125
2015-12-12,55.3333333333333
2015-12-13,50.6666666666667
2015-12-14,66.6666666666667
2015-12-15,45.125
2015-12-16,54.375
2015-12-17,52.6666666666667
2015-12-18,60.25
2015-12-19,43.7083333333333
2015-12-20,39.25
2015-12-21,46.625
2015-12-22,60.7083333333333
2015-12-23,57.3333333333333
2015-12-24,57.5833333333333
2015-12-25,58.1666666666667
2015-12-26,50.4166666666667
2015-12-27,48.3333333333333
2015-12-28,55.7916666666667
2015-12-29,51.25
2015-12-30,52.5416666666667
2015-12-31,51.1666666666667
2016-01-01,60.5416666666667
2016-01-02,42.2083333333333
2016-01-03,38.8333333333333
2016-01-04,47.25
2016-01-05,59.7916666666667
2016-01-06,50.5217391304348
2016-01-07,55.6190476190476
2016-01-08,50.25
2016-01-09,46
2016-01-10,48.4166666666667
2016-01-11,51.875
2016-01-12,63.5833333333333
2016-01-13,55
2016-01-14,57.6666666666667
2016-01-15,61.9583333333333
2016-01-16,56.9166666666667
2016-01-17,48.3333333333333
2016-01-18,55.9166666666667
2016-01-19,60.25
2016-01-20,65.0833333333333
2016-01-21,78.2916666666667
2016-01-22,92.875
2016-01-23,75.7083333333333
2016-01-24,49.6666666666667
2016-01-25,62.5416666666667
2016-01-26,78.9583333333333
2016-01-27,86.0416666666667
2016-01-28,90.4782608695652
2016-01-29,74.375
2016-01-30,68.1666666666667
2016-01-31,62
2016-02-01,78.2608695652174
2016-02-02,82
2016-02-03,95.0416666666667
2016-02-04,86.7272727272727
2016-02-05,92.1666666666667
2016-02-06,65.625
2016-02-07,67.5
2016-02-08,65.125
2016-02-09,56.6666666666667
2016-02-10,59.3333333333333
2016-02-11,51.2083333333333
2016-02-12,61.125
2016-02-13,62.625
2016-02-14,57.2083333333333
2016-02-15,58.5
2016-02-16,61.8333333333333
2016-02-17,39.5416666666667
2016-02-18,59.75
2016-02-19,75.25
2016-02-20,72.5416666666667
2016-02-21,60.1666666666667
2016-02-22,58.875
2016-02-23,63.0416666666667
2016-02-24,71.6086956521739
2016-02-25,76.5
2016-02-26,79.2083333333333
2016-02-27,80.875
2016-02-28,71.375
2016-02-29,87.4583333333333
2016-03-01,91.4166666666667
2016-03-02,95.0833333333333
2016-03-03,108.25
2016-03-04,89.9166666666667
2016-03-05,90.75
2016-03-06,76.0833333333333
2016-03-07,93.5416666666667
2016-03-08,98.6363636363636
2016-03-09,143
2016-03-10,134.375
2016-03-11,129.04347826087
2016-03-12,120.375
2016-03-13,144.692307692308
2016-03-14,118.692307692308
2016-03-15,122.375
2016-03-16,123.434782608696
2016-03-17,101.708333333333
2016-03-18,66.1666666666667
2016-03-19,64.2083333333333
2016-03-20,42.4583333333333
2016-03-21,46
2016-03-22,65.4166666666667
2016-03-23,70.4782608695652
2016-03-24,60.6666666666667
2016-03-25,79.9166666666667
2016-03-26,97.5
2016-03-27,97.8333333333333
2016-03-28,103.708333333333
2016-03-29,116.833333333333
2016-03-30,102.666666666667
2016-03-31,79.75
2016-04-01,69.2083333333333
2016-04-02,77
2016-04-03,72.125
2016-04-04,58.6666666666667
2016-04-05,64.875
2016-04-06,68.9583333333333
2016-04-07,67.75
2016-04-08,50.75
2016-04-09,52.5416666666667
2016-04-10,37.1666666666667
2016-04-11,54.2916666666667
2016-04-12,54.7083333333333
2016-04-13,54.9583333333333
2016-04-14,51
2016-04-15,61.1666666666667
2016-04-16,65.3333333333333
2016-04-17,47.375
2016-04-18,43.6666666666667
2016-04-19,54.25
2016-04-20,48.125
2016-04-21,42.5416666666667
2016-04-22,45.2083333333333
2016-04-23,45.7083333333333
2016-04-24,42.1666666666667
2016-04-25,42.5
2016-04-26,52.7083333333333
2016-04-27,58.2916666666667
2016-04-28,47.75
2016-04-29,52.3333333333333
2016-04-30,72
2016-05-01,50.6666666666667
2016-05-02,63.4583333333333
2016-05-03,54.625
2016-05-04,49.7916666666667
2016-05-05,57.6190476190476
2016-05-06,50.7916666666667
2016-05-07,44.4166666666667
2016-05-08,40.1666666666667
2016-05-09,41.0416666666667
2016-05-10,43.4583333333333
2016-05-11,59.9583333333333
2016-05-12,49
2016-05-13,48.375
2016-05-14,61.7916666666667
2016-05-15,42.7916666666667
2016-05-16,40.2916666666667
2016-05-17,52.3636363636364
2016-05-18,55.625
2016-05-19,38.7083333333333
2016-05-20,48.75
2016-05-21,41.875
2016-05-22,34.5416666666667
2016-05-23,42.875
2016-05-24,52.125
2016-05-25,48.875
2016-05-26,44.5833333333333
2016-05-27,61.5454545454545
2016-05-28,50.4166666666667
2016-05-29,41.5833333333333
2016-05-30,48.1666666666667
2016-05-31,52.4583333333333
2016-06-01,59.2083333333333
2016-06-02,54.375
2016-06-03,50.875
2016-06-04,40.4782608695652
2016-06-05,50.1739130434783
2016-06-06,46.9583333333333
2016-06-07,51
2016-06-08,57.5833333333333
2016-06-09,51.5833333333333
2016-06-10,56.2857142857143
2016-06-11,43.9166666666667
2016-06-12,37.4583333333333
2016-06-13,45.7083333333333
2016-06-14,50.375
2016-06-15,52.0416666666667
2016-06-16,59.5416666666667
2016-06-17,52.375
2016-06-18,37.5416666666667
2016-06-19,34.125
2016-06-20,45.3
2016-06-21,40.4166666666667
2016-06-22,41.7916666666667
2016-06-23,38.6666666666667
2016-06-24,42.8260869565217
2016-06-25,32.9166666666667
2016-06-26,23.6086956521739
2016-06-27,36
2016-06-28,48.2916666666667
2016-06-29,57.2916666666667
2016-06-30,45.5833333333333
2016-07-01,46.625
2016-07-02,32.6666666666667
2016-07-03,24.5833333333333
2016-07-04,32.25
2016-07-05,43.1666666666667
2016-07-06,33.3636363636364
2016-07-07,47.8181818181818
2016-07-08,41.9583333333333
2016-07-09,43.0416666666667
2016-07-10,31.125
2016-07-11,34.3333333333333
2016-07-12,49.5
2016-07-13,46.2083333333333
2016-07-14,46.125
2016-07-15,43.9166666666667
2016-07-16,45.8333333333333
2016-07-17,43.0416666666667
2016-07-18,39.4166666666667
2016-07-19,41.9583333333333
2016-07-20,35.5
2016-07-21,41.8333333333333
2016-07-22,42.9583333333333
2016-07-23,43.4583333333333
2016-07-24,33.7916666666667
2016-07-25,56.7083333333333
2016-07-26,52.375
2016-07-27,50.5833333333333
2016-07-28,50.1666666666667
2016-07-29,50.125
2016-07-30,49.9545454545455
2016-07-31,31.6666666666667
2016-08-01,40.6666666666667
2016-08-02,48.25
2016-08-03,59.1666666666667
2016-08-04,52.9583333333333
2016-08-05,43.375
2016-08-06,51.1666666666667
2016-08-07,37.5
2016-08-08,44.3333333333333
2016-08-09,52.9545454545455
2016-08-10,66.7826086956522
2016-08-11,58.2083333333333
2016-08-12,53.25
2016-08-13,41.875
2016-08-14,33.7916666666667
2016-08-15,30.3636363636364
2016-08-16,41.9583333333333
2016-08-17,48.2916666666667
2016-08-18,53.375
2016-08-19,60.9583333333333
2016-08-20,49.5
2016-08-21,38.8181818181818
2016-08-22,51.875
2016-08-23,52
2016-08-24,72.1818181818182
2016-08-25,79.9583333333333
2016-08-26,47.2083333333333
2016-08-27,39.2916666666667
2016-08-28,33.4166666666667
2016-08-29,50.0416666666667
2016-08-30,49.5
2016-08-31,50.7916666666667
2016-09-01,52.7826086956522
2016-09-02,56.9166666666667
2016-09-03,50.5416666666667
2016-09-04,30.5416666666667
2016-09-05,41.8333333333333
2016-09-06,48.625
2016-09-07,52.2083333333333
2016-09-08,58.7272727272727
2016-09-09,60.2083333333333
2016-09-10,52.8636363636364
2016-09-11,28.9583333333333
2016-09-12,45.7391304347826
2016-09-13,59.6666666666667
2016-09-14,49.2083333333333
2016-09-15,51.0416666666667
2016-09-16,46.0416666666667
2016-09-17,47.875
2016-09-18,41.8333333333333
2016-09-19,45.5833333333333
2016-09-20,58.875
2016-09-21,65.6666666666667
2016-09-22,63.4166666666667
2016-09-23,47.0416666666667
2016-09-24,45.75
2016-09-25,34.6666666666667
2016-09-26,49.25
2016-09-27,47.875
2016-09-28,46.25
2016-09-29,56.5416666666667
2016-09-30,48
2016-10-01,28.7916666666667
2016-10-02,24.4583333333333
2016-10-03,45.2916666666667
2016-10-04,44.5416666666667
2016-10-05,59.375
2016-10-06,48.5833333333333
2016-10-07,54.7083333333333
2016-10-08,49.6666666666667
2016-10-09,39.8333333333333
2016-10-10,54.0434782608696
2016-10-11,60.5833333333333
2016-10-12,58.5833333333333
2016-10-13,71.9583333333333
2016-10-14,52.4166666666667
2016-10-15,48.25
2016-10-16,46.8333333333333
2016-10-17,49.625
2016-10-18,57.2083333333333
2016-10-19,84
2016-10-20,63.5
2016-10-21,50.7083333333333
2016-10-22,44.1666666666667
2016-10-23,54.0909090909091
2016-10-24,65.9583333333333
2016-10-25,51.25
2016-10-26,47
2016-10-27,49.125
2016-10-28,53.4285714285714
2016-10-29,43.3478260869565
2016-10-30,44.8260869565217
2016-10-31,48.2173913043478
2016-11-01,50
2016-11-02,59.5833333333333
2016-11-03,47.375
2016-11-04,49.3181818181818
2016-11-05,57.1052631578947
2016-11-06,53.1666666666667
2016-11-07,44.85
2016-11-08,54.0416666666667
2016-11-09,49.3333333333333
2016-11-10,55.4583333333333
2016-11-11,64.1666666666667
2016-11-12,60.375
2016-11-13,55.125
2016-11-14,45.2916666666667
2016-11-15,41.3478260869565
2016-11-16,57.875
2016-11-17,50.4166666666667
2016-11-18,51.3333333333333
2016-11-19,47.2916666666667
2016-11-20,40.7391304347826
2016-11-21,50.8333333333333
2016-11-22,69.9166666666667
2016-11-23,54.625
2016-11-24,57.125
2016-11-25,50.0416666666667
2016-11-26,64.4583333333333
2016-11-27,39.4166666666667
2016-11-28,63.0833333333333
2016-11-29,58.2916666666667
2016-11-30,62.875
2016-12-01,57.625
2016-12-02,61.9583333333333
2016-12-03,79.3333333333333
2016-12-04,46.8181818181818
2016-12-05,74.3076923076923
2016-12-06,69.125
2016-12-07,70.9166666666667
2016-12-08,59.1666666666667
2016-12-09,69.875
2016-12-10,42
2016-12-11,37.6521739130435
2016-12-12,52.8333333333333
2016-12-13,57.5
2016-12-14,60.0416666666667
2016-12-15,59.4166666666667
2016-12-16,72.7391304347826
2016-12-17,56.125
2016-12-18,39.0833333333333
2016-12-19,54.8333333333333
2016-12-20,58.75
2016-12-21,43.4166666666667
2016-12-22,58
2016-12-23,54.5217391304348
2016-12-24,48.375
2016-12-25,61.5652173913044
2016-12-26,58.4166666666667
2016-12-27,51.4583333333333
2016-12-28,47.5
2016-12-29,48.1666666666667
2016-12-30,50.9583333333333
2016-12-31,41.375
2017-01-01,58.4166666666667
2017-01-02,33.7083333333333
2017-01-03,42.8695652173913
2017-01-04,49.4166666666667
2017-01-05,56.4166666666667
2017-01-06,70.4545454545455
2017-01-07,45.9166666666667
2017-01-08,33.0416666666667
2017-01-09,33.1428571428571
2017-01-10,44.9166666666667
2017-01-11,46.1666666666667
2017-01-12,60.7083333333333
2017-01-13,60.9166666666667
2017-01-14,50.75
2017-01-15,37.9565217391304
2017-01-16,46.5416666666667
2017-01-17,55.6666666666667
2017-01-18,72.8888888888889
2017-01-19,57.625
2017-01-20,56.25
2017-01-21,44.2916666666667
2017-01-22,38.625
2017-01-23,57.875
2017-01-24,62.3809523809524
2017-01-25,58.1666666666667
2017-01-26,59.75
2017-01-27,55.4583333333333
2017-01-28,46.7083333333333
2017-01-29,32.875
2017-01-30,49.5217391304348
2017-01-31,58.1739130434783
2017-02-01,65.3478260869565
2017-02-02,60.7083333333333
2017-02-03,55.875
2017-02-04,50.8181818181818
2017-02-05,40.3333333333333
2017-02-06,53.4090909090909
2017-02-07,63.4166666666667
2017-02-08,74.2916666666667
2017-02-09,80.5833333333333
2017-02-10,73.625
2017-02-11,67.2916666666667
2017-02-12,44.875
2017-02-13,55.7916666666667
2017-02-14,60.2727272727273
2017-02-15,69.4166666666667
2017-02-16,74.3333333333333
2017-02-17,64.4583333333333
2017-02-18,44.875
2017-02-19,46.75
2017-02-20,69.375
2017-02-21,61.7916666666667
2017-02-22,53.375
2017-02-23,58.7083333333333
2017-02-24,53.5416666666667
2017-02-25,54.5
2017-02-26,54.6666666666667
2017-02-27,63.125
2017-02-28,57.7083333333333
2017-03-01,61.4347826086956
2017-03-02,81.8333333333333
2017-03-03,65.5416666666667
2017-03-04,52.5416666666667
2017-03-05,44.875
2017-03-06,51.7916666666667
2017-03-07,55.0833333333333
2017-03-08,57.7916666666667
2017-03-09,64.5416666666667
2017-03-10,70.4583333333333
2017-03-11,65.5833333333333
2017-03-12,44.2916666666667
2017-03-13,63.7916666666667
2017-03-14,63.9583333333333
2017-03-15,46.2083333333333
2017-03-16,60.125
2017-03-17,70.3333333333333
2017-03-18,83.3333333333333
2017-03-19,73.7083333333333
2017-03-20,60.25
2017-03-21,66.6521739130435
2017-03-22,94.75
2017-03-23,50
2017-03-24,69.4705882352941
2017-03-25,64.3333333333333
2017-03-26,35.9583333333333
2017-03-27,44.1666666666667
2017-03-28,60.3333333333333
2017-03-29,48.5833333333333
2017-03-30,48.4166666666667
2017-03-31,55.5416666666667
2017-04-01,37.7916666666667
2017-04-02,40.5
2017-04-03,44.8636363636364
2017-04-04,59.1666666666667
2017-04-05,70.8333333333333
2017-04-06,79.3181818181818
2017-04-07,90.9166666666667
2017-04-08,68.5833333333333
2017-04-09,59.4166666666667
2017-04-10,59
2017-04-11,52.2916666666667
2017-04-12,53.375
2017-04-13,38.4166666666667
2017-04-14,36.875
2017-04-15,42.25
2017-04-16,30.2083333333333
2017-04-17,62.75
2017-04-18,64.6666666666667
2017-04-19,50.75
2017-04-20,59.625
2017-04-21,64.75
2017-04-22,52.5
2017-04-23,39.75
2017-04-24,50.4166666666667
2017-04-25,47.2083333333333
2017-04-26,47.875
2017-04-27,58.25
2017-04-28,53.75
2017-04-29,61.9166666666667
2017-04-30,40.9166666666667
2017-05-01,44.875
2017-05-02,48.4166666666667
2017-05-03,76.4583333333333
2017-05-04,73.875
2017-05-05,57.0333333333333
2017-05-06,46.5833333333333
2017-05-07,39
2017-05-08,42.4545454545455
2017-05-09,58
2017-05-10,43.25
2017-05-11,51.9166666666667
2017-05-12,50
2017-05-13,54.4347826086956
2017-05-14,40.4166666666667
2017-05-15,48.125
2017-05-16,52.4166666666667
2017-05-17,52.3636363636364
2017-05-18,55.0833333333333
2017-05-19,46.9583333333333
2017-05-20,50.1666666666667
2017-05-21,35.1739130434783
2017-05-22,54.6666666666667
2017-05-23,50.9166666666667
2017-05-24,41.9166666666667
2017-05-25,52.875
2017-05-26,62.8333333333333
2017-05-27,46.7916666666667
2017-05-28,33.25
2017-05-29,33.625
2017-05-30,48.7916666666667
2017-05-31,49.9583333333333
2017-06-01,46.5416666666667
2017-06-02,50.4583333333333
2017-06-03,48.8695652173913
2017-06-04,32.875
2017-06-05,38.4583333333333
2017-06-06,42.625
2017-06-07,46.6666666666667
2017-06-08,43.4583333333333
2017-06-09,50.7083333333333
2017-06-10,44
2017-06-11,32.5833333333333
2017-06-12,36.2916666666667
2017-06-13,51
2017-06-14,59.2307692307692
2017-06-15,47.3333333333333
2017-06-16,53.75
2017-06-17,38.25
2017-06-18,34.9583333333333
2017-06-19,28.0833333333333
2017-06-20,44
2017-06-21,50.9166666666667
2017-06-22,49.2916666666667
2017-06-23,47.5833333333333
2017-06-24,49.9583333333333
2017-06-25,39.7727272727273
2017-06-26,26.3333333333333
2017-06-27,38.7916666666667
2017-06-28,39.6073428571429
2017-06-29,55.3695541666667
2017-06-30,49.25
2017-07-01,42.2083333333333
2017-07-02,29.5652173913043
2017-07-03,30.2173913043478
2017-07-04,41.4166666666667
2017-07-05,41.7391304347826
2017-07-06,52.91015
2017-07-07,46.7083333333333
2017-07-08,43.1666666666667
2017-07-09,28.4782608695652
2017-07-10,49.4583333333333
2017-07-11,51.3913043478261
2017-07-12,48.5833333333333
2017-07-13,55.4583333333333
2017-07-14,61.201247826087
2017-07-15,41.5416666666667
2017-07-16,40.9047619047619
2017-07-17,55.8180333333333
2017-07-18,43.625
2017-07-19,48.8074458333333
2017-07-20,30.5833333333333
2017-07-21,44.125
2017-07-22,38.2916666666667
2017-07-23,42.1538461538462
2017-07-24,41.8333333333333
2017-07-25,42.25
2017-07-26,44.5652173913044
2017-07-27,62.6666666666667
2017-07-28,50.625
2017-07-29,51.3333333333333
2017-07-30,39.0416666666667
2017-07-31,53.375
2017-08-01,52.4583333333333
2017-08-02,49.8999782608696
2017-08-03,59.2083333333333
2017-08-04,58.5416666666667
2017-08-05,57.3431142857143
2017-08-06,33.7916666666667
2017-08-07,32.4583333333333
2017-08-08,43.4583333333333
2017-08-09,46.695652173913
2017-08-10,45.0416666666667
2017-08-11,43.0319083333333
2017-08-12,41.75
2017-08-13,36.125
2017-08-14,43.0416666666667
2017-08-15,49
2017-08-16,57.7926125
2017-08-17,52.0833333333333
2017-08-18,49.1619583333333
2017-08-19,60.0082708333333
2017-08-20,48.9565217391304
2017-08-21,31.8333333333333
2017-08-22,55.1514333333333
2017-08-23,64.3448625
2017-08-24,63.7431208333333
2017-08-25,51.6666666666667
2017-08-26,44.4583333333333
2017-08-27,36
2017-08-28,47.9166666666667
2017-08-29,41.5129458333333
2017-08-30,43.5454545454545
2017-08-31,44.4166666666667
2017-09-01,46.8333333333333
2017-09-02,48.382125
2017-09-03,38.7768541666667
2017-09-04,58.347752173913
2017-09-05,49.6297291666667
2017-09-06,42.0833333333333
2017-09-07,50
2017-09-08,64.9130434782609
2017-09-09,49.8333333333333
2017-09-10,36.6666666666667
2017-09-11,58.7368421052632
2017-09-12,42.8780681818182
2017-09-13,61.2916666666667
2017-09-14,54.7846782608696
2017-09-15,47.6363636363636
2017-09-16,43.75
2017-09-17,33.3333333333333
2017-09-18,58
2017-09-19,58.8261208333333
2017-09-20,82.9115833333333
2017-09-21,57.7916666666667
2017-09-22,78.1666666666667
2017-09-23,52.7079333333333
2017-09-24,43.2608695652174
2017-09-25,41.9166666666667
2017-09-26,69.2547
2017-09-27,55.0454545454545
2017-09-28,62.5416666666667
2017-09-29,71.4811733333333
2017-09-30,64.7277538461538
2017-10-01,46.1363636363636
2017-10-02,40.9583333333333
2017-10-03,64.523375
2017-10-04,61.2576833333333
2017-10-05,54.7391304347826
2017-10-06,62.6254416666667
2017-10-07,52.3333333333333
2017-10-08,41.25
2017-10-09,62.1666666666667
2017-10-10,69.0907291666667
2017-10-11,58.2727272727273
2017-10-12,67.35
2017-10-13,48.9583333333333
2017-10-14,41.6086956521739
2017-10-15,39.7391304347826
2017-10-16,37.75
2017-10-17,48.6666666666667
2017-10-18,61.2083333333333
2017-10-19,64.9166666666667
2017-10-20,53.75
2017-10-21,47.08535
2017-10-22,39.3333333333333
2017-10-23,54.6666666666667
2017-10-24,50.9628708333333
2017-10-25,59.2083333333333
2017-10-26,67.75
2017-10-27,63.125
2017-10-28,49.7462708333333
2017-10-29,36.6086956521739
2017-10-30,52.625
2017-10-31,54.2083333333333
2017-11-01,50.7391304347826
2017-11-02,64.7341434782609
2017-11-03,60.5475772727273
2017-11-04,48.6098291666667
2017-11-05,47.149125
2017-11-06,32.8260869565217
2017-11-07,57.7207
2017-11-08,74.4929304347826
2017-11-09,75.9157125
2017-11-10,62.3613541666667
2017-11-11,43.3333333333333
2017-11-12,39.7916666666667
2017-11-13,43.9130434782609
2017-11-14,58.8333333333333
2017-11-15,35.75
2017-11-16,33.9166666666667
2017-11-17,41.5833333333333
2017-11-18,28.625
2017-11-19,32.4583333333333
2017-11-20,50.25
2017-11-21,50.8333333333333
2017-11-22,51.3846153846154
2017-11-23,56.3333333333333
2017-11-24,45.7916666666667
2017-11-25,63.5
2017-11-26,41.4583333333333
2017-11-27,48.6666666666667
2017-11-28,63.8095238095238
2017-11-29,68
2017-11-30,75.25
2017-12-01,61.2727272727273
2017-12-02,47.0833333333333
2017-12-03,42.0416666666667
2017-12-04,54.2857142857143
2017-12-05,46.125
2017-12-06,52.625
2017-12-07,53.5416666666667
2017-12-08,41.7083333333333
2017-12-09,35.25
2017-12-10,39.375
2017-12-11,42.875
2017-12-12,34.9079166666667
2017-12-13,42.875
2017-12-14,46.7916666666667
2017-12-15,55.4583333333333
2017-12-16,54.2608695652174
2017-12-17,40.9583333333333
2017-12-18,55.8333333333333
2017-12-19,54.8
2017-12-20,53
2017-12-21,49.6363636363636
2017-12-22,49.9583333333333
2017-12-23,53.875
2017-12-24,42.1666666666667
2017-12-25,51.4761904761905
2017-12-26,43.0416666666667
2017-12-27,39.25
2017-12-28,32
2017-12-29,41.8888952380952
2017-12-30,40.625
2017-12-31,32.1
2018-01-01,49.1818181818182
2018-01-02,30.25
2018-01-03,37.9583333333333
2018-01-04,43.0555555555556
2018-01-05,49
2018-01-06,43.1818181818182
2018-01-07,34.5
2018-01-08,37.3333333333333
2018-01-09,35.7142857142857
2018-01-10,43.3478260869565
2018-01-11,51
2018-01-12,57.8333333333333
2018-01-13,47.6521739130435
2018-01-14,40.4782608695652
2018-01-15,47.9166666666667
2018-01-16,58.9166666666667
2018-01-17,58.2916666666667
2018-01-18,50.625
2018-01-19,44.7142857142857
2018-01-20,45.8260869565217
2018-01-21,40.2173913043478
2018-01-22,63.5416666666667
2018-01-23,64.1818181818182
2018-01-24,47.9583333333333
2018-01-25,64.2916666666667
2018-01-26,62.6086956521739
2018-01-27,58.3333333333333
2018-01-28,37.9130434782609
2018-01-29,51
2018-01-30,49.25
2018-01-31,48.2083333333333
2018-02-01,67.4347826086957
2018-02-02,54.5833333333333
2018-02-03,52.75
2018-02-04,37.9090909090909
2018-02-05,49.0434782608696
2018-02-06,45.3753166666667
2018-02-07,59.2878
2018-02-08,53.625
2018-02-09,65.5
2018-02-10,66.1363636363636
2018-02-11,54.0952380952381
2018-02-12,56.9545454545455
2018-02-13,61.75
2018-02-14,60.8695652173913
2018-02-15,55.2083333333333
2018-02-16,70.2665952380952
2018-02-17,68.375
2018-02-18,53
2018-02-19,53.7272727272727
2018-02-20,65.9671416666667
2018-02-21,74
2018-02-22,81
2018-02-23,60.2916666666667
2018-02-24,52.8888888888889
2018-02-25,58.2916666666667
2018-02-26,66.25
2018-02-27,59.3478260869565
2018-02-28,64.3311333333333
2018-03-01,58.4166666666667
2018-03-02,72
2018-03-03,61.1666666666667
2018-03-04,59.4
2018-03-05,61.3333333333333
2018-03-06,91.6842105263158
2018-03-07,75.8333333333333
2018-03-08,58.875
2018-03-09,51.625
2018-03-10,48.4347826086956
2018-03-11,42.85
2018-03-12,62.75
2018-03-13,73.7391304347826
2018-03-14,60.8333333333333
2018-03-15,82
2018-03-16,80.6666666666667
2018-03-17,87.2608695652174
2018-03-18,53.0909090909091
2018-03-19,58.1
2018-03-20,94.0434782608696
2018-03-21,75.9166666666667
2018-03-22,85.2916666666667
2018-03-23,72.3353173913043
2018-03-24,62.8761125
2018-03-25,50.17306875
2018-03-26,62.3333333333333
2018-03-27,65.05
2018-03-28,69.8333333333333
2018-03-29,49.6666666666667
2018-03-30,38.3913043478261
2018-03-31,35.5416666666667
2018-04-01,35.8333333333333
2018-04-02,48.7916666666667
2018-04-03,55.1666666666667
2018-04-04,54.125
2018-04-05,53.875
2018-04-06,53.7916666666667
2018-04-07,53.2916666666667
2018-04-08,49.875
2018-04-09,59.75
2018-04-10,60.1666666666667
2018-04-11,57.2916666666667
2018-04-12,53.25
2018-04-13,61.7619047619048
2018-04-14,52.1052631578947
2018-04-15,55.6666666666667
2018-04-16,69.65
2018-04-17,73.6363636363636
2018-04-18,75.2173913043478
2018-04-19,59.6111111111111
2018-04-20,77.3181818181818
2018-04-21,62.4545454545455
2018-04-22,42.5333333333333
2018-04-23,61.1764705882353
2018-04-24,55.6666666666667
2018-04-25,47.65
2018-04-26,53.25
2018-04-27,46.5
2018-04-28,43.6428571428571
2018-04-29,36.1
2018-04-30,66.1111111111111
2018-05-01,53.6428571428571
2018-05-02,61.7777777777778
2018-05-03,45.9166666666667
2018-05-04,41.625
2018-05-05,53.9583333333333
2018-05-06,45.3333333333333
2018-05-07,50.25
2018-05-08,40.8333333333333
2018-05-09,50.8333333333333
2018-05-10,53.75
2018-05-11,48.5833333333333
2018-05-12,58.375
2018-05-13,26.7
2018-05-14,28.4583333333333
2018-05-15,41.1666666666667
2018-05-16,53.9130434782609
2018-05-17,52.9583333333333
2018-05-18,40.5909090909091
2018-05-19,35.5833333333333
2018-05-20,31.7916666666667
2018-05-21,59.3989375
2018-05-22,75.5459956521739
2018-05-23,56.5706565217391
2018-05-24,70.5357208333333
2018-05-25,63.2225272727273
2018-05-26,68.28505
2018-05-27,38.9554227272727
2018-05-28,60.2542333333333
2018-05-29,73.3116083333333
2018-05-30,73.0066916666667
2018-05-31,64.6800739130435
2018-06-01,62.5659833333333
2018-06-02,51.4603291666667
2018-06-03,37.5962652173913
2018-06-04,39.564352173913
2018-06-05,84.8652
2018-06-06,74.6665583333333
2018-06-07,70.211
2018-06-08,76.8047227272727
2018-06-09,45.875
2018-06-10,30.304347826087
2018-06-11,29.25
2018-06-12,97.6725555555556
2018-06-13,68.9809416666667
2018-06-14,73.1172125
2018-06-15,82.6773791666667
2018-06-16,60.0048
2018-06-17,41.4007173913043
2018-06-18,64.8221583333333
2018-06-19,72.5052318181818
2018-06-20,74.6037409090909
2018-06-21,64.6105565217391
2018-06-22,64.1655826086957
2018-06-23,48.3171958333333
2018-06-24,32.7653565217391
2018-06-25,68.7471333333333
2018-06-26,56.4467086956522
2018-06-27,65.8721
2018-06-28,67.2919791666667
2018-06-29,66.3055826086957
2018-06-30,66.7084681818182
2018-07-01,49.065447826087
2018-07-02,34.4528409090909
2018-07-03,53.23216
2018-07-04,48.1191363636364
2018-07-05,49.2862434782609
2018-07-06,58.3445565217391
2018-07-07,47.2888217391304
2018-07-08,40.3101045454545
2018-07-09,62.5278434782609
2018-07-10,60.2109782608696
2018-07-11,59.059047826087
2018-07-12,42.8007818181818
2018-07-13,56.0767304347826
2018-07-14,46.9894476190476
2018-07-15,29.6255347826087
2018-07-16,71.611255
2018-07-17,48.41726875
2018-07-18,44.7238304347826
2018-07-19,43.2789347826087
2018-07-20,32.9474173913043
2018-07-21,34.1363636363636
2018-07-22,40.8
2018-07-23,48.1363636363636
2018-07-24,43.3286681818182
2018-07-25,33.8260869565217
2018-07-26,48.180947826087
2018-07-27,48.4039043478261
2018-07-28,41.6427956521739
2018-07-29,30.6502722222222
2018-07-30,45.7562590909091
2018-07-31,42.75
2018-08-01,51.7142857142857
2018-08-02,61.73423
2018-08-03,45.8483523809524
2018-08-04,38.1313363636364
2018-08-05,38.125
2018-08-06,63.919847826087
2018-08-07,45.2406666666667
2018-08-08,58.0069809523809
2018-08-09,53.144147826087
2018-08-10,62.8544173913043
2018-08-11,58.5165954545455
2018-08-12,39.01822
2018-08-13,54.8102857142857
2018-08-14,51.2754772727273
2018-08-15,56.6493043478261
2018-08-16,62.1441681818182
2018-08-17,61.0230913043478
2018-08-18,50.3220545454545
2018-08-19,37.2169304347826
2018-08-20,36.5211476190476
2018-08-21,71.394352173913
2018-08-22,59.0904260869565
2018-08-23,70.2640095238095
2018-08-24,40.7460857142857
2018-08-25,49.7901391304348
2018-08-26,35.3161045454545
2018-08-27,51.2959391304348
2018-08-28,59.0993652173913
2018-08-29,52.897495
2018-08-30,48.0825761904762
2018-08-31,52.4962307692308
2018-09-01,50.1208047619048
2018-09-02,32.5560142857143
2018-09-03,52.12005
2018-09-04,59.165125
2018-09-05,65.2742238095238
2018-09-06,60.0037227272727
2018-09-07,51.3457181818182
2018-09-08,45.8713095238095
2018-09-09,43.8066136363636
2018-09-10,57.5773954545455
2018-09-11,57.7683304347826
2018-09-12,49.5944
2018-09-13,58.6701260869565
2018-09-14,43.7026421052632
2018-09-15,41.008647826087
2018-09-16,33.25
2018-09-17,54.061252173913
2018-09-18,55.4832
2018-09-19,52.5104095238095
2018-09-20,53.8772260869565
2018-09-21,58.1980272727273
2018-09-22,54.812219047619
2018-09-23,41.1728095238095
2018-09-24,74.1168826086956
2018-09-25,66.0642130434783
2018-09-26,70.3867
2018-09-27,39.8193227272727
2018-09-28,61.4368681818182
2018-09-29,46.4126043478261
2018-09-30,36.7916666666667
2018-10-01,46.9813
2018-10-02,45.6412956521739
2018-10-03,56.1837714285714
2018-10-04,75.99046
2018-10-05,51
2018-10-06,35.5200307692308
2018-10-07,24.9166666666667
2018-10-08,43.5365583333333
2018-10-09,55.7916666666667
2018-10-10,58.563147826087
2018-10-11,35.7741
2018-10-12,39.3927869565217
2018-10-13,58.4630833333333
2018-10-14,42.6137142857143
2018-10-15,21.8333333333333
2018-10-16,48.1614545454545
2018-10-17,50.1072857142857
2018-10-18,56.3765173913043
2018-10-19,58.5147647058823
2018-10-20,35.66347
2018-10-21,35.9731095238095
2018-10-22,43.9829
2018-10-23,45.4999166666667
2018-10-24,50.3163727272727
2018-10-25,50.8020826086957
2018-10-26,64.550765
2018-10-27,54.0444636363636
2018-10-28,46.9617523809524
2018-10-29,60.4985285714286
2018-10-30,64.0807409090909
2018-10-31,57.5613727272727
2018-11-01,58.4583333333333
2018-11-02,56.4813238095238
2018-11-03,45.9404772727273
2018-11-04,42.6666666666667
2018-11-05,26.2716333333333
2018-11-06,48.2787363636364
2018-11-07,49.4160826086957
2018-11-08,56.2866608695652
2018-11-09,55.7924347826087
2018-11-10,50.8052636363636
2018-11-11,40.8946714285714
2018-11-12,40.0370863636364
2018-11-13,62.41437
2018-11-14,53.3312347826087
2018-11-15,63.817652173913
2018-11-16,63.36845
2018-11-17,52.3016772727273
2018-11-18,36.7380761904762
2018-11-19,53.567747826087
2018-11-20,58.1535409090909
2018-11-21,57.7071217391304
2018-11-22,59.4202636363636
2018-11-23,53.997475
2018-11-24,48.401265
2018-11-25,28.384895
2018-11-26,52.3330695652174
2018-11-27,49.2608695652174
2018-11-28,53.9445181818182
2018-11-29,60.59813
2018-11-30,51.44155
2018-12-01,53.8461538461538
2018-12-02,35.2682095238095
2018-12-03,46.930815
2018-12-04,63.5243428571429
2018-12-05,48.7531210526316
2018-12-06,44.6596409090909
2018-12-07,60.0225352941176
2018-12-08,44.2506105263158
2018-12-09,39.1835818181818
2018-12-10,60.1675173913044
2018-12-11,68.6260043478261
2018-12-12,56.8813869565217
2018-12-13,59.8587260869565
2018-12-14,59.813952173913
2018-12-15,61.7457782608696
2018-12-16,38.1242772727273
2018-12-17,55.0516260869565
2018-12-18,60.2321272727273
2018-12-19,59.032075
2018-12-20,82.95605
2018-12-21,72.765947826087
2018-12-22,59.4415913043478
2018-12-23,38.8763434782609
2018-12-24,44.3663217391304
2018-12-25,42.9166666666667
2018-12-26,49.7967652173913
2018-12-27,60.2565136363636
2018-12-28,55.1489826086957
2018-12-29,49.2210318181818
2018-12-30,40.132145
2018-12-31,37.375
2019-01-01,49.1739130434783
2019-01-02,44.0657
2019-01-03,51.2635391304348
2019-01-04,46.8240826086957
2019-01-05,53.8779739130435
2019-01-06,44.625
2019-01-07,38
2019-01-08,54.7077761904762
2019-01-09,41.8333333333333
2019-01-10,44.2438130434783
2019-01-11,40.0553260869565
2019-01-12,47.5416666666667
2019-01-13,42.7916666666667
2019-01-14,65.2488777777778
2019-01-15,56.0416666666667
2019-01-16,56.8260869565217
2019-01-17,54.8077727272727
2019-01-18,52.6666666666667
2019-01-19,59.625
2019-01-20,52.5555555555556
2019-01-21,43.5454863636364
2019-01-22,50.6363727272727
2019-01-23,50.5677304347826
2019-01-24,54.7299956521739
2019-01-25,55.9159526315789
2019-01-26,50.1814434782609
2019-01-27,48.5416666666667
2019-01-28,67.0620727272727
2019-01-29,54.5304608695652
2019-01-30,55.75
2019-01-31,62.0833333333333
2019-02-01,61.2728636363636
2019-02-02,60.6666666666667
2019-02-03,48.5
2019-02-04,64.2083333333333
2019-02-05,67.4583333333333
2019-02-06,69.0833333333333
2019-02-07,75.3072652173913
2019-02-08,79.2827238095238
2019-02-09,64.4679869565217
2019-02-10,57.375
2019-02-11,62.375
2019-02-12,73.2083333333333
2019-02-13,74.875
2019-02-14,58.1666666666667
2019-02-15,72.625
2019-02-16,75.9329923076923
2019-02-17,62.1666666666667
2019-02-18,62.0833333333333
2019-02-19,64.1304347826087
2019-02-20,50.7419909090909
2019-02-21,60.5922260869565
2019-02-22,54.9011714285714
2019-02-23,47.3333333333333
2019-02-24,60.2083333333333
2019-02-25,68.4583333333333
2019-02-26,83.125
2019-02-27,72.5833333333333
2019-02-28,64.6086956521739
2019-03-01,69.4166666666667
2019-03-02,62.8333333333333
2019-03-03,56.2916666666667
2019-03-04,71.1666666666667
2019-03-05,77.125
2019-03-06,82.3333333333333
2019-03-07,71.875
2019-03-08,68.304347826087
2019-03-09,58.125
2019-03-10,46.6666666666667
2019-03-11,51.4545454545455
2019-03-12,68.0586318181818
2019-03-13,62.5756391304348
2019-03-14,78.4166666666667
2019-03-15,81.4583333333333
2019-03-16,82.69815
2019-03-17,84.4583333333333
2019-03-18,62.2083333333333
2019-03-19,48.3689238095238
2019-03-20,54.5416666666667
2019-03-21,55.8067791666667
2019-03-22,63.175525
2019-03-23,58.4999
2019-03-24,51.0833333333333
2019-03-25,44.0416666666667
2019-03-26,62.8695652173913
2019-03-27,76.0869565217391
2019-03-28,76.8333333333333
2019-03-29,52.4052045454545
2019-03-30,52.1063545454545
2019-03-31,47.3490708333333
2019-04-01,44.6682941176471
2019-04-02,49.7251652173913
2019-04-03,66.893247826087
2019-04-04,49.625
2019-04-05,47.374255
2019-04-06,40.7916666666667
2019-04-07,54.4166666666667
2019-04-08,57.1666666666667
2019-04-09,67.0367333333333
2019-04-10,71.7692307692308
2019-04-11,52.6484833333333
2019-04-12,58.0513695652174
2019-04-13,62.986125
2019-04-14,42.9583333333333
2019-04-15,49.7006363636364
2019-04-16,60.4807416666667
2019-04-17,55.5066791666667
2019-04-18,33.625
2019-04-19,33.7083333333333
2019-04-20,31.5416666666667
2019-04-21,40.5384615384615
2019-04-22,43.1063166666667
2019-04-23,46.5833333333333
2019-04-24,49.6599083333333
2019-04-25,54.9983208333333
2019-04-26,48.0689652173913
2019-04-27,55.206075
2019-04-28,39.5107708333333
2019-04-29,66.2065863636364
2019-04-30,59.743825
2019-05-01,45.3049869565217
2019-05-02,64.2406958333333
2019-05-03,62.4764291666667
2019-05-04,55.0185173913043
2019-05-05,44.0833333333333
2019-05-06,56.2252833333333
2019-05-07,55.6846958333333
2019-05-08,51.7188869565217
2019-05-09,59.3553727272727
2019-05-10,36.4444444444444
2019-05-11,40.4166666666667
2019-05-12,32.3333333333333
2019-05-13,49.0122
2019-05-14,39.0226043478261
2019-05-15,51.206552173913
2019-05-16,62.2038043478261
2019-05-17,48.8666666666667
2019-05-18,44.8333333333333
2019-05-19,34.4166666666667
2019-05-20,44.3107636363636
2019-05-21,52.8898565217391
2019-05-22,48.8715541666667
2019-05-23,41.2083333333333
2019-05-24,51.3290173913043
2019-05-25,45.2921772727273
2019-05-26,31.125
2019-05-27,41.1310166666667
2019-05-28,45.5886695652174
2019-05-29,55.7514347826087
2019-05-30,47.8126666666667
2019-05-31,53.6142391304348
2019-06-01,35.2796
2019-06-02,34.0416666666667
2019-06-03,30.7083333333333
2019-06-04,43.06255
2019-06-05,39.0833333333333
2019-06-06,53.6059428571429
2019-06-07,41.75
2019-06-08,52.9545173913043
2019-06-09,38.4101083333333
2019-06-10,51.7914
2019-06-11,58.6859304347826
2019-06-12,51.1843541666667
2019-06-13,60.6497136363636
2019-06-14,54.6099708333333
2019-06-15,49.2115625
2019-06-16,36.2391166666667
2019-06-17,52.5404833333333
2019-06-18,51.9801695652174
2019-06-19,53.7883583333333
2019-06-20,67.4438058823529
2019-06-21,49.1844
2019-06-22,48.2666708333333
2019-06-23,35.8851
2019-06-24,30.0416666666667
2019-06-25,58.0213727272727
2019-06-26,57.6547791666667
2019-06-27,57.19265
2019-06-28,53.8895208333333
2019-06-29,58.6843125
2019-06-30,33.5652583333333
2019-07-01,30.7980739130435
2019-07-02,47.4115
2019-07-03,49.773825
2019-07-04,55.0399
2019-07-05,48.9390458333333
2019-07-06,47.8060083333333
2019-07-07,33.3527916666667
2019-07-08,60.7966
2019-07-09,43.0333833333333
2019-07-10,42.6016916666667
2019-07-11,45.6871208333333
2019-07-12,54.2188583333333
2019-07-13,46.34825
2019-07-14,31.5278772727273
2019-07-15,46.1415916666667
2019-07-16,49.8013666666667
2019-07-17,54.0307791666667
2019-07-18,50.1664583333333
2019-07-19,50.4296083333333
2019-07-20,40.1954166666667
2019-07-21,32.3380217391304
2019-07-22,52.7183956521739
2019-07-23,39.600875
2019-07-24,48.6746375
2019-07-25,47.7614458333333
2019-07-26,44.7534695652174
2019-07-27,40.5846
2019-07-28,33.3913043478261
2019-07-29,57.6264166666667
2019-07-30,39.0743666666667
2019-07-31,47.2921416666667
2019-08-01,57.5274583333333
2019-08-02,45.0356045454545
2019-08-03,45.125
2019-08-04,40.6424833333333
2019-08-05,56.6652541666667
2019-08-06,71.7994833333333
2019-08-07,52.37135
2019-08-08,45.9828583333333
2019-08-09,56.6560818181818
2019-08-10,48.9971791666667
2019-08-11,39.3789333333333
2019-08-12,61.3822043478261
2019-08-13,50.2475666666667
2019-08-14,59.450575
2019-08-15,68.1204434782609
2019-08-16,94.5178958333333
2019-08-17,54.8070043478261
2019-08-18,40.8763818181818
2019-08-19,38.3786636363636
2019-08-20,57.4094833333333
2019-08-21,55.3116923076923
2019-08-22,67.1076
2019-08-23,68.625
2019-08-24,53.4333
2019-08-25,39.628
2019-08-26,48.1725444444444
2019-08-27,60.9702958333333
2019-08-28,70.547475
2019-08-29,70.1536416666667
2019-08-30,67.7096375
2019-08-31,56.2712791666667
2019-09-01,28.5263157894737
2019-09-02,63.11501
2019-09-03,54.3322375
2019-09-04,59.18058
2019-09-05,33.3913043478261
2019-09-06,62.9166666666667
2019-09-07,42.9090909090909
2019-09-08,30.0434782608696
2019-09-09,46.7894736842105
2019-09-10,39.88674
2019-09-11,57.6342363636364
2019-09-12,48.0542454545455
2019-09-13,54.9831375
2019-09-14,42.3178772727273
2019-09-15,42.4034619047619
2019-09-16,52.111147826087
2019-09-17,48.0739416666667
2019-09-18,47.7608086956522
2019-09-19,37.6604565217391
2019-09-20,59.4511761904762
2019-09-21,47.9133875
2019-09-22,44.1932458333333
2019-09-23,49.9664681818182
2019-09-24,67.2249625
2019-09-25,55.406
2019-09-26,47.9959913043478
2019-09-27,77.71455
2019-09-28,53.2967333333333
2019-09-29,46.9922260869565
2019-09-30,49.8936782608696
2019-10-01,40.9114458333333
2019-10-02,46.6282041666667
2019-10-03,45.2132130434783
2019-10-04,70.6532291666667
2019-10-05,44.1109541666667
2019-10-06,42.3786
2019-10-07,50.3246416666667
2019-10-08,53.8931416666667
2019-10-09,50.8431125
2019-10-10,64.2885916666667
2019-10-11,49.1490818181818
2019-10-12,57.6218916666667
2019-10-13,42.0261173913043
2019-10-14,38.6744380952381
2019-10-15,55.0204125
2019-10-16,57.0835869565217
2019-10-17,64.6422583333333
2019-10-18,55.74275
2019-10-19,47.5018956521739
2019-10-20,40.5301833333333
2019-10-21,57.5207347826087
2019-10-22,61.8921041666667
2019-10-23,42.1545217391304
2019-10-24,50.7081043478261
2019-10-25,74.9812083333333
2019-10-26,52.5288791666667
2019-10-27,36.38955
2019-10-28,56.4395
2019-10-29,58.1915260869565
2019-10-30,53.1998736842105
2019-10-31,52.8554782608696
2019-11-01,60.2874791666667
2019-11-02,52.0336833333333
2019-11-03,38.3292
2019-11-04,40.5313375
2019-11-05,70.1252958333333
2019-11-06,65.7768086956522
2019-11-07,59.3087708333333
2019-11-08,58.0922782608696
2019-11-09,54.25
2019-11-10,44.9523809523809
2019-11-11,28.9649952380952
2019-11-12,45.1220142857143
2019-11-13,58.7316
2019-11-14,69.9589125
2019-11-15,62.4814727272727
2019-11-16,48.1246857142857
2019-11-17,42.1181739130435
2019-11-18,52.1124541666667
2019-11-19,52.6015217391304
2019-11-20,76.7538875
2019-11-21,46.3813347826087
2019-11-22,57.1458681818182
2019-11-23,68.5416666666667
2019-11-24,40.4364333333333
2019-11-25,61.3168958333333
2019-11-26,61.3029727272727
2019-11-27,57.5339538461538
2019-11-28,59.8755291666667
2019-11-29,58.4170875
2019-11-30,61.0007176470588
2019-12-01,39.4198875
2019-12-02,65.4743347826087
2019-12-03,79.6994826086956
2019-12-04,74.1690291666667
2019-12-05,60.3096458333333
2019-12-06,59.9528791666667
2019-12-07,50.2396291666667
2019-12-08,43.4583333333333
2019-12-09,53.1024041666667
2019-12-10,56.6251291666667
2019-12-11,71.2003416666667
2019-12-12,52.7380260869565
2019-12-13,47.4583333333333
2019-12-14,41.3099391304348
2019-12-15,30.8206541666667
2019-12-16,52.9089125
2019-12-17,69.3420625
2019-12-18,56.9313916666667
2019-12-19,47.131347826087
2019-12-20,57.2566583333333
2019-12-21,52.5953791666667
2019-12-22,50.4336
2019-12-23,54.725425
2019-12-24,48.1738541666667
2019-12-25,37.6781083333333
2019-12-26,51.307075
2019-12-27,60.2668416666667
2019-12-28,49.049425
2019-12-29,38.7692956521739
2019-12-30,49.8260869565217
2019-12-31,34.125
2020-01-01,52.7083333333333
2020-01-02,34.6380833333333
2020-01-03,40.8834291666667
2020-01-04,36.7357833333333
2020-01-05,34.375
2020-01-06,33.0039125
2020-01-07,47.8173
2020-01-08,45.7945125
2020-01-09,50.5384615384615
2020-01-10,47.9260541666667
2020-01-11,48.8812956521739
2020-01-12,39.4143409090909
2020-01-13,57.3538090909091
2020-01-14,57.9467
2020-01-15,69.032075
2020-01-16,57.6444791666667
2020-01-17,62.7997
2020-01-18,46.8743
2020-01-19,37.9038166666667
2020-01-20,70.4410333333333
2020-01-21,58.77605
2020-01-22,41.8429833333333
2020-01-23,59.0812916666667
2020-01-24,54.9255958333333
2020-01-25,39.5209791666667
2020-01-26,36.9612
2020-01-27,57.6230375
2020-01-28,56.09489
2020-01-29,54.2083333333333
2020-01-30,66.0952380952381
2020-01-31,51.0416666666667
2020-02-01,45.5909090909091
2020-02-02,33.51785
2020-02-03,45.629525
2020-02-04,56.1615791666667
2020-02-05,66.8185708333333
2020-02-06,73.3317625
2020-02-07,76.0453454545455
2020-02-08,69.3082583333333
2020-02-09,57.3835666666667
2020-02-10,74.1666666666667
2020-02-11,76.3053238095238
2020-02-12,69.625
2020-02-13,69.2530739130435
2020-02-14,73.6818181818182
2020-02-15,51.7876652173913
2020-02-16,39.4050708333333
2020-02-17,44.5617875
2020-02-18,60.6528625
2020-02-19,63.06683
2020-02-20,61.375
2020-02-21,68.4583333333333
2020-02-22,52.5256782608696
2020-02-23,40.875
2020-02-24,50.8333333333333
2020-02-25,55.7462
2020-02-26,54.4473461538462
2020-02-27,66.4166666666667
2020-02-28,63.7296041666667
2020-02-29,67.6363636363636
2020-03-01,56.25
2020-03-02,61.6499875
2020-03-03,62.0568125
2020-03-04,69.9071181818182
2020-03-05,67.1689130434783
2020-03-06,83.1666666666667
2020-03-07,91.4166666666667
2020-03-08,75.8333333333333
2020-03-09,74.625
2020-03-10,78.375
2020-03-11,72.7083333333333
2020-03-12,73.6363636363636
2020-03-13,64.6580545454545
2020-03-14,70.4583333333333
2020-03-15,65.7083333333333
2020-03-16,66.4166666666667
2020-03-17,88.625
2020-03-18,91.4166666666667
2020-03-19,92.25
2020-03-20,83.2916666666667
2020-03-21,46.5
2020-03-22,51.125
2020-03-23,64.9583333333333
2020-03-24,74.0909090909091
2020-03-25,65.1666666666667
2020-03-26,73.7916666666667
2020-03-27,61.8333333333333
2020-03-28,61.1666666666667
2020-03-29,65.9565217391304
2020-03-30,69.8333333333333
2020-03-31,32.8333333333333
2020-04-01,18.3182090909091
2020-04-02,25.8121833333333
2020-04-03,37.8325863636364
2020-04-04,27.75
2020-04-05,22.2702866666667
2020-04-06,22.1628636363636
2020-04-07,23.2853
2020-04-08,25.9987347826087
2020-04-09,17.9003136363636
2020-04-10,19.1739130434783
2020-04-11,17.1363636363636
2020-04-12,19
2020-04-13,26.6382136363636
2020-04-14,27.2479
2020-04-15,36.1578947368421
2020-04-16,42.2083333333333
2020-04-17,50.6086956521739
2020-04-18,47.0416666666667
2020-04-19,28.2083333333333
2020-04-20,36.511347826087
2020-04-21,31.0780523809524
2020-04-22,35.4798695652174
2020-04-23,32.2600913043478
2020-04-24,33.0699956521739
2020-04-25,34.29455
2020-04-26,32.5733666666667
2020-04-27,44.2832333333333
2020-04-28,37.8660173913043
2020-04-29,47.175575
2020-04-30,43.0283791666667
2020-05-01,36.1094086956522
2020-05-02,30.3084173913043
2020-05-03,27.4347625
2020-05-04,37.9853583333333
2020-05-05,35.9108416666667
2020-05-06,33.6105363636364
2020-05-07,32.9317
2020-05-08,36.0604875
2020-05-09,32.5654590909091
2020-05-10,25.6289333333333
2020-05-11,43.2471130434783
2020-05-12,42.0231041666667
2020-05-13,33.5032045454545
2020-05-14,41.7998173913043
2020-05-15,49.3929043478261
2020-05-16,36.3902541666667
2020-05-17,28.3589826086957
2020-05-18,35.6197826086957
2020-05-19,38.2649708333333
2020-05-20,50.0451913043478
2020-05-21,44.4230260869565
2020-05-22,50.7982125
2020-05-23,48.5444333333333
2020-05-24,30.3709333333333
2020-05-25,26.36355
2020-05-26,23.1522
2020-05-27,35.5991541666667
2020-05-28,38.6667826086957
2020-05-29,46.9159954545455
2020-05-30,33.3629590909091
2020-05-31,24.33425
2020-06-01,27.8692083333333
2020-06-02,36.75
2020-06-03,40.4558695652174
2020-06-04,44.8011260869565
2020-06-05,54.4538041666667
2020-06-06,44.0825833333333
2020-06-07,33.1205857142857
2020-06-08,40.7441625
2020-06-09,46.1492391304348
2020-06-10,42.0588235294118
2020-06-11,45.2144791666667
2020-06-12,42.3942136363636
2020-06-13,52.9810041666667
2020-06-14,26.3372
2020-06-15,30.5636695652174
2020-06-16,50.6007208333333
2020-06-17,53.6936833333333
2020-06-18,48.3656916666667
2020-06-19,48.5976375
2020-06-20,32.2833090909091
2020-06-21,20.9298869565217
2020-06-22,21.7545181818182
2020-06-23,45.0640916666667
2020-06-24,80.7876826086956
2020-06-25,83.8333333333333
2020-06-26,46.1738458333333
2020-06-27,41.857725
2020-06-28,24.3495523809524
2020-06-29,26.922047826087
2020-06-30,44.7777777777778
2020-07-01,39.890645
2020-07-02,39.4698
2020-07-03,37.69754
2020-07-04,30.0833333333333
2020-07-05,28.8252363636364
2020-07-06,46.1894083333333
2020-07-07,46.913575
2020-07-08,34.6916791666667
2020-07-09,39.2336666666667
2020-07-10,41.7807791666667
2020-07-11,35.1197782608696
2020-07-12,34.0330434782609
2020-07-13,42.3876260869565
2020-07-14,44.043075
2020-07-15,52.8370291666667
2020-07-16,51.3607391304348
2020-07-17,44.2605545454545
2020-07-18,33.2568391304348
2020-07-19,22.5416666666667
2020-07-20,27.6512565217391
2020-07-21,55.1850166666667
2020-07-22,42.5760130434783
2020-07-23,42.4506578947368
2020-07-24,29.4298954545455
2020-07-25,27.7893315789474
2020-07-26,26.4522272727273
2020-07-27,43.9903583333333
2020-07-28,41.96205
2020-07-29,53.8572086956522
2020-07-30,50.5809208333333
2020-07-31,51.81345
2020-08-01,39.0943708333333
2020-08-02,30.0872833333333
2020-08-03,65.1624826086957
2020-08-04,52.7528739130435
2020-08-05,67.3463041666667
2020-08-06,73.2591916666667
2020-08-07,39.3488142857143
2020-08-08,36.2956043478261
2020-08-09,33.4875363636364
2020-08-10,66.5605272727273
2020-08-11,63.4343454545455
2020-08-12,48.8389304347826
2020-08-13,44.1051571428571
2020-08-14,43.9920818181818
2020-08-15,36.3862666666667
2020-08-16,28.1666666666667
2020-08-17,28.5416666666667
2020-08-18,42.5277304347826
2020-08-19,36.2714625
2020-08-20,38.4489318181818
2020-08-21,44.4123045454545
2020-08-22,39.1514
2020-08-23,42.117775
2020-08-24,45.1666666666667
2020-08-25,36.6666666666667
2020-08-26,36.6363636363636
2020-08-27,40.7890416666667
2020-08-28,39.6912130434783
2020-08-29,44.1661333333333
2020-08-30,29.875
2020-08-31,57.5242043478261
2020-09-01,47.2571695652174
2020-09-02,38.2328909090909
2020-09-03,61.5628958333333
2020-09-04,54.490547826087
2020-09-05,38.458147826087
2020-09-06,25.0913791666667
2020-09-07,44.5689416666667
2020-09-08,39.8267166666667
2020-09-09,57.3604416666667
2020-09-10,53.6053041666667
2020-09-11,52.5076304347826
2020-09-12,36.0244130434783
2020-09-13,33.8155909090909
2020-09-14,53.8803391304348
2020-09-15,57.7508476190476
2020-09-16,44.6425636363636
2020-09-17,58.5474818181818
2020-09-18,51.806047826087
2020-09-19,44.2344166666667
2020-09-20,35.9166666666667
2020-09-21,48.18195
2020-09-22,56.6171047619048
2020-09-23,51.3157625
2020-09-24,48.505875
2020-09-25,64.1742375
2020-09-26,38.5831761904762
2020-09-27,27.5349052631579
2020-09-28,47.5294125
2020-09-29,49.5525166666667
2020-09-30,47.4322173913043
2020-10-01,43.7680347826087
2020-10-02,45.137775
2020-10-03,63.9285714285714
2020-10-04,32.1428571428571
2020-10-05,42.4625916666667
2020-10-06,48.8123739130435
2020-10-07,54.0150666666667
2020-10-08,55.2071208333333
2020-10-09,52.761675
2020-10-10,44.7224083333333
2020-10-11,35.4130333333333
2020-10-12,35.3604142857143
2020-10-13,43.5566166666667
2020-10-14,54.8763173913043
2020-10-15,55.8736625
2020-10-16,48.5886375
2020-10-17,48.568675
2020-10-18,40.4155130434783
2020-10-19,46.2113909090909
2020-10-20,49.3593166666667
2020-10-21,56.9714541666667
2020-10-22,54.2746666666667
2020-10-23,48.6354913043478
2020-10-24,49.986955
2020-10-25,45.5416666666667
2020-10-26,55.6402125
2020-10-27,47.5782208333333
2020-10-28,45.0162869565217
2020-10-29,42.0930291666667
2020-10-30,51.8277705882353
2020-10-31,34.2566954545455
2020-11-01,24.4705882352941
2020-11-02,25.3809523809524
2020-11-03,46.8264526315789
2020-11-04,41.3108333333333
2020-11-05,44.8908545454545
2020-11-06,51.2916869565217
2020-11-07,51.4641
2020-11-08,35.3955363636364
2020-11-09,53.1942695652174
2020-11-10,42.9583333333333
2020-11-11,47.7878130434783
2020-11-12,58.9441916666667
2020-11-13,38.989535
2020-11-14,28.0416666666667
2020-11-15,26.4583333333333
2020-11-16,30.8
2020-11-17,43.0434782608696
2020-11-18,43.7272727272727
2020-11-19,36.3988333333333
2020-11-20,40.5477173913043
2020-11-21,33.7916666666667
2020-11-22,33.4598818181818
2020-11-23,44.7529409090909
2020-11-24,44.8429608695652
2020-11-25,45.2063260869565
2020-11-26,41.4267130434783
2020-11-27,53.9848318181818
2020-11-28,32.4166666666667
2020-11-29,35.7
2020-11-30,42.5146272727273
2020-12-01,51.0416666666667
2020-12-02,48.4647083333333
2020-12-03,42.3356
2020-12-04,54.1896958333333
2020-12-05,41.7198791666667
2020-12-06,31.4945318181818
2020-12-07,51.7955458333333
2020-12-08,38.7333833333333
2020-12-09,55.6582833333333
2020-12-10,42.1989541666667
2020-12-11,58.45919
2020-12-12,47.5403625
2020-12-13,44.6850416666667
2020-12-14,61.0395791666667
2020-12-15,51.3435391304348
2020-12-16,62.1127863636364
2020-12-17,66.0456791666667
2020-12-18,65.0667583333333
2020-12-19,55.4642833333333
2020-12-20,43.8102
2020-12-21,58.5074208333333
2020-12-22,43.48790625
2020-12-23,48.2204166666667
2020-12-24,49.9090909090909
2020-12-25,26.8333333333333
2020-12-26,31.125
2020-12-27,32.4166666666667
2020-12-28,33.7988833333333
2020-12-29,36.5848782608696
2020-12-30,38.5451
2020-12-31,34.2383714285714
2021-01-01,35.65
2021-01-02,29.9166666666667
2021-01-03,26.625
2021-01-04,37.2948958333333
2021-01-05,39.7735
2021-01-06,41.8260869565217
2021-01-07,52.2112826086957
2021-01-08,40.6483869565217
2021-01-09,36.992725
2021-01-10,24.4166666666667
2021-01-11,23.7916666666667
2021-01-12,46.0052875
2021-01-13,47.1417083333333
2021-01-14,38.7417565217391
2021-01-15,45.2734652173913
2021-01-16,43.789
2021-01-17,28.4090909090909
2021-01-18,50.625
2021-01-19,56.5106083333333
2021-01-20,52.5701772727273
2021-01-21,51.4758473684211
2021-01-22,48.2105181818182
2021-01-23,47.0452166666667
2021-01-24,28.1795076923077
2021-01-25,36.7110260869565
2021-01-26,48.3758583333333
2021-01-27,54.9271166666667
2021-01-28,48.5046125
2021-01-29,45.2181652173913
2021-01-30,43.3372416666667
2021-01-31,36.9583333333333
2021-02-01,49.9986833333333
2021-02-02,35.5263157894737
2021-02-03,33.4253791666667
2021-02-04,46.9825869565217
2021-02-05,51.7893565217391
2021-02-06,45.2956956521739
2021-02-07,36.94675
2021-02-08,48.32995
2021-02-09,51.433852173913
2021-02-10,44.8640565217391
2021-02-11,51.4781375
2021-02-12,48.9665130434783
2021-02-13,44.4450958333333
2021-02-14,37.8250954545455
2021-02-15,52.2708166666667
2021-02-16,63.7154708333333
2021-02-17,56.1777791666667
2021-02-18,46.25
2021-02-19,39.8866208333333
2021-02-20,45.358075
2021-02-21,29.3333333333333
2021-02-22,44.5157666666667
2021-02-23,47.4457739130435
2021-02-24,44
2021-02-25,47.5982695652174
2021-02-26,46.6824826086957
2021-02-27,42.3851125
2021-02-28,32.0078041666667
2021-03-01,49.6661260869565
2021-03-02,53.5416666666667
2021-03-03,61.8333333333333
2021-03-04,56.8333333333333
2021-03-05,50.625
2021-03-06,67.0416666666667
2021-03-07,49.375
2021-03-08,45.6019625
2021-03-09,58.03415
2021-03-10,51.1965666666667
2021-03-11,42.125
2021-03-12,40.0064636363636
2021-03-13,48.4190652173913
2021-03-14,40.2123375
2021-03-15,52.9943869565217
2021-03-16,51.1849347826087
2021-03-17,41.2712625
2021-03-18,39.4944272727273
2021-03-19,49.5533208333333
2021-03-20,36.3638375
2021-03-21,42.2272727272727
2021-03-22,30.4166666666667
2021-03-23,47.4583333333333
2021-03-24,45.8261782608696
2021-03-25,58.9106130434783
2021-03-26,52.8291958333333
2021-03-27,39.9239913043478
2021-03-28,33.8002791666667
2021-03-29,48.8414416666667
2021-03-30,41.5520869565217
2021-03-31,50.1108458333333
2021-04-01,31.1712
2021-04-02,32.5
2021-04-03,33.3333333333333
2021-04-04,27.1692391304348
2021-04-05,33.875
2021-04-06,42.7293826086957
2021-04-07,39.3977583333333
2021-04-08,44.6559458333333
2021-04-09,38.6319043478261
2021-04-10,34.7738666666667
2021-04-11,28.5260958333333
2021-04-12,53.8567708333333
2021-04-13,51.7965416666667
2021-04-14,51.274025
2021-04-15,51.9299208333333
2021-04-16,46.363852173913
2021-04-17,45.8271833333333
2021-04-18,31.7723458333333
2021-04-19,52.1813708333333
2021-04-20,51.5520818181818
2021-04-21,62.4525142857143
2021-04-22,79.4181047619048
2021-04-23,51.0596416666667
2021-04-24,52.6877166666667
2021-04-25,43.3422291666667
2021-04-26,63.0091583333333
2021-04-27,61.5410916666667
2021-04-28,46.3333333333333
2021-04-29,41.5416666666667
2021-04-30,37.8757791666667
2021-05-01,39.375
2021-05-02,30.8333333333333
2021-05-03,35.6612083333333
2021-05-04,39.4390125
2021-05-05,40.6311434782609
2021-05-06,44.9950625
2021-05-07,47.511625
2021-05-08,36.1481869565217
2021-05-09,33.1261086956522
2021-05-10,50.5941125
2021-05-11,40.7394166666667
2021-05-12,43.74795
2021-05-13,42.4107541666667
2021-05-14,45.6975041666667
2021-05-15,43.4246173913043
2021-05-16,27.2098791666667
2021-05-17,30.0179347826087
2021-05-18,40.3584583333333
2021-05-19,46.1822173913043
2021-05-20,52.7418458333333
2021-05-21,64.4749333333333
2021-05-22,32.4583333333333
2021-05-23,37.7172692307692
2021-05-24,42.5562041666667
2021-05-25,45.2027416666667
2021-05-26,42.81495
2021-05-27,51.6822541666667
2021-05-28,53.0979625
2021-05-29,50.5
2021-05-30,40.0011227272727
2021-05-31,46.6188416666667
2021-06-01,39.5674681818182
2021-06-02,47.1572916666667
2021-06-03,48.7370208333333
2021-06-04,53.44375
2021-06-05,55.8760833333333
2021-06-06,32.3939
2021-06-07,36.75
2021-06-08,42.9706875
2021-06-09,47.2083333333333
2021-06-10,55.2961421052632
2021-06-11,49.0622
2021-06-12,47.3521833333333
2021-06-13,47.9583333333333
2021-06-14,38.5
2021-06-15,47.0874791666667
2021-06-16,49.5945458333333
2021-06-17,46.5884565217391
2021-06-18,49.5661695652174
2021-06-19,40.1258166666667
2021-06-20,34.0712681818182
2021-06-21,49.6693041666667
2021-06-22,48.775
2021-06-23,56.3162791666667
2021-06-24,61.875
2021-06-25,54.6749791666667
2021-06-26,45.9027541666667
2021-06-27,44.0238875
2021-06-28,41.19725
2021-06-29,72.8050421052632
2021-06-30,60.4354625
2021-07-01,56.2207166666667
2021-07-02,53.655152173913
2021-07-03,48.460875
2021-07-04,36.0973958333333
2021-07-05,37.065575
2021-07-06,56.7386208333333
2021-07-07,59.7336166666667
2021-07-08,40.3035866666667
2021-07-09,55.7281894736842
2021-07-10,60.0133785714286
2021-07-11,26
2021-07-12,33.875
2021-07-13,30.7916666666667
2021-07-14,42.1666666666667
2021-07-15,42.2916666666667
2021-07-16,39.4166666666667
2021-07-17,27.4583333333333
2021-07-18,25.4166666666667
2021-07-19,30.5714285714286
2021-07-20,23.6315789473684
2021-07-21,38.0666666666667
2021-07-22,34.8333333333333
2021-07-23,36.25
2021-07-24,44.4166666666667
2021-07-25,30.3333333333333
2021-07-26,36.2173913043478
2021-07-27,38.6666666666667
2021-07-28,46
2021-07-29,45.7272727272727
2021-07-30,35.45
2021-07-31,46
